k;h;xx;v1;v2;x1;x2;s1;x3;gama;fi;c;sds;hw;q
0,7;8;1,01;1,8;4,55;1,82;0,36;53,33;0,72;18.0;18.1;18.2;18.3;18.4;18.5
0,65;8;1,2;1,32;6,58;1,98;1,76;32;5,72;18.0;18.1;18.2;18.3;18.4;18.5
0,75;8;1,17;3,5;5,65;1,93;0,5;80;4,5;18.0;18.1;18.2;18.3;18.4;18.5
0,35;8;1,06;0,8;2,3;1,64;1,2;14,55;0,2;18.0;18.1;18.2;18.3;18.4;18.5
0,4;8;1,06;1,68;3,02;1,7;0,3;16;0,56;18.0;18.1;18.2;18.3;18.4;18.5
0,85;8;1,17;1,4;1,75;1,64;1,1;0;0,6;18.0;18.1;18.2;18.3;18.4;18.5
0,75;8;1,2;3,78;3,77;1,8;0,84;80;0,42;18.0;18.1;18.2;18.3;18.4;18.5
0,45;8;1,2;1,38;6,97;1,92;1,84;20;0,46;18.0;18.1;18.2;18.3;18.4;18.5
0,75;8;1,17;2,1;5,45;1,87;0,84;80;5,88;18.0;18.1;18.2;18.3;18.4;18.5
0,85;8;1,2;1,5;7,65;1,92;1;0;0,5;18.0;18.1;18.2;18.3;18.4;18.5
0,75;8;1,2;0,96;4,54;1,8;0,32;53,33;3,84;18.0;18.1;18.2;18.3;18.4;18.5
0,65;8;1,2;1,14;5,56;1,2;0;32;0;18.0;18.1;18.2;18.3;18.4;18.5
0,7;8;1,2;1,32;6,63;1,5;2,64;53,33;0,88;18.0;18.1;18.2;18.3;18.4;18.5
0,5;8;1,14;2,52;2,18;1,6;0,86;20;3,08;18.0;18.1;18.2;18.3;18.4;18.5
0,55;8;0,9;1,8;4,5;1,76;0,36;22,86;2,52;18.0;18.1;18.2;18.3;18.4;18.5
0,8;8;1,17;1,2;5,95;1,17;0;160;0;18.0;18.1;18.2;18.3;18.4;18.5
0,55;8;1,17;1,26;6,29;1,81;0,84;26,67;0;18.0;18.1;18.2;18.3;18.4;18.5
0,55;8;1,2;0,96;2,99;2,64;1,02;26,67;0;18.0;18.1;18.2;18.3;18.4;18.5
0,85;8;1,2;1,2;5,95;1,2;0;0;0;18.0;18.1;18.2;18.3;18.4;18.5
0,7;8;0,93;1,38;6,97;1,91;2,3;53,33;1,38;18.0;18.1;18.2;18.3;18.4;18.5
0,7;8;1,2;1,08;5,22;1,2;0;40;0;18.0;18.1;18.2;18.3;18.4;18.5
0,6;8;1,2;1,6;5,5;1,2;0;26,67;0;18.0;18.1;18.2;18.3;18.4;18.5
0,5;8;1,2;1,2;3,9;1,2;0;20;0;18.0;18.1;18.2;18.3;18.4;18.5
0,7;8;1,2;0,9;1,85;2,4;0,48;53,33;0;18.0;18.1;18.2;18.3;18.4;18.5
0,45;8;1,06;1,26;6,24;1,59;0,84;17,78;0;18.0;18.1;18.2;18.3;18.4;18.5
0,7;8;0,85;2,88;5,87;1,83;0,48;53,33;5,76;18.0;18.1;18.2;18.3;18.4;18.5
0,75;8;1,09;2,88;2,67;1,64;0,32;80;1,28;18.0;18.1;18.2;18.3;18.4;18.5
0,4;8;1,01;0,54;2,21;1,52;0,84;17,78;0;18.0;18.1;18.2;18.3;18.4;18.5
0,4;8;0,98;0,54;2,16;1,76;0,84;16;0;18.0;18.1;18.2;18.3;18.4;18.5
0,4;8;0,93;2;7,15;1,86;1,5;17,78;2;18.0;18.1;18.2;18.3;18.4;18.5
0,5;8;1,17;1,44;7,31;1,64;0,96;22,86;4,32;18.0;18.1;18.2;18.3;18.4;18.5
0,75;8;1,17;1,44;7,31;1,17;0;80;0;18.0;18.1;18.2;18.3;18.4;18.5
0,8;8;1,14;1,2;3,9;2,22;1,5;80;0;18.0;18.1;18.2;18.3;18.4;18.5
0,35;8;1,2;1;2,1;2,34;0,5;14,55;0;18.0;18.1;18.2;18.3;18.4;18.5
0,5;8;1,17;0,78;3,57;1,81;1,56;22,86;0;18.0;18.1;18.2;18.3;18.4;18.5
0,5;8;1,2;1,2;1,9;2,4;1,2;20;0;18.0;18.1;18.2;18.3;18.4;18.5
0,35;8;0,98;0,96;4,54;0,98;0;14,55;0;18.0;18.1;18.2;18.3;18.4;18.5
0,7;8;0,98;1,8;4,5;1,62;0,36;40;2,88;18.0;18.1;18.2;18.3;18.4;18.5
0,45;8;1,17;1,44;7,31;1,81;2,4;20;0;18.0;18.1;18.2;18.3;18.4;18.5
0,75;8;0,98;1,26;6,24;1,37;1,68;53,33;0;18.0;18.1;18.2;18.3;18.4;18.5
0,85;8;1,2;1,6;5,5;2,34;1,6;160;0;18.0;18.1;18.2;18.3;18.4;18.5
0,5;8;1,06;1,2;5,9;1,59;1,6;20;5,6;18.0;18.1;18.2;18.3;18.4;18.5
0,7;8;1,2;1,4;1,75;1,62;0,9;53,33;0,8;18.0;18.1;18.2;18.3;18.4;18.5
0,9;8;1,2;1,32;2,18;2,52;1,32;0;0;18.0;18.1;18.2;18.3;18.4;18.5
0,9;8;1,2;1,52;5,18;1,5;0,76;0;0;18.0;18.1;18.2;18.3;18.4;18.5
0,75;8;1,17;1,4;1,75;2,57;1,2;80;0;18.0;18.1;18.2;18.3;18.4;18.5
0,35;8;1,2;1,2;5,9;1,56;2,4;14,55;1,2;18.0;18.1;18.2;18.3;18.4;18.5
0,4;8;1,14;1,76;6,14;1,14;0;16;0;18.0;18.1;18.2;18.3;18.4;18.5
0,8;8;0,85;3,68;4,67;1,74;1,38;160;5,98;18.0;18.1;18.2;18.3;18.4;18.5
0,75;8;1,2;1,38;6,97;1,56;1,84;80;0;18.0;18.1;18.2;18.3;18.4;18.5
0,75;8;1,2;1,26;6,34;1,74;2,52;160;1,26;18.0;18.1;18.2;18.3;18.4;18.5
0,85;8;1,06;0,6;2,5;1,06;0;160;0;18.0;18.1;18.2;18.3;18.4;18.5
0,4;8;0,98;1,28;4,22;1,62;1,92;16;4,47;18.0;18.1;18.2;18.3;18.4;18.5
0,75;8;1,2;1,44;2,51;1,56;1,02;80;0;18.0;18.1;18.2;18.3;18.4;18.5
0,8;8;1,2;1,26;6,24;1,5;1,26;80;0;18.0;18.1;18.2;18.3;18.4;18.5
0,65;8;0,98;1,44;4,86;1,76;1,8;32;5,04;18.0;18.1;18.2;18.3;18.4;18.5
0,55;8;1,2;2,88;3,47;1,5;0,36;26,67;2,88;18.0;18.1;18.2;18.3;18.4;18.5
0,35;8;0,98;0,96;4,54;1,62;0,96;14,55;3,52;18.0;18.1;18.2;18.3;18.4;18.5
0,85;8;1,2;1,44;4,91;2,28;1,44;0;0;18.0;18.1;18.2;18.3;18.4;18.5
0,7;8;1,2;1,44;7,26;2,58;1,92;40;0;18.0;18.1;18.2;18.3;18.4;18.5
0,5;8;0,98;2,04;3,86;1,62;1,02;20;1,02;18.0;18.1;18.2;18.3;18.4;18.5
0,65;8;1,2;0,88;2,62;1,92;0,96;32;0;18.0;18.1;18.2;18.3;18.4;18.5
0,55;8;1,06;1,6;5,5;2,12;0,8;22,86;0;18.0;18.1;18.2;18.3;18.4;18.5
0,45;8;1,2;2,66;4,09;1,5;0,76;20;3,8;18.0;18.1;18.2;18.3;18.4;18.5
0,5;8;0,98;1,08;5,22;0,98;0;20;0;18.0;18.1;18.2;18.3;18.4;18.5
0,65;8;1,2;0,9;1,85;1,2;0;40;0;18.0;18.1;18.2;18.3;18.4;18.5
0,5;8;1,06;1;2,1;1,06;0;20;0;18.0;18.1;18.2;18.3;18.4;18.5
0,35;8;1,2;1,6;3,9;2,16;1,92;14,55;0;18.0;18.1;18.2;18.3;18.4;18.5
0,85;8;0,98;1,44;7,26;1,76;0,48;160;3,36;18.0;18.1;18.2;18.3;18.4;18.5
0,8;8;0,98;1,8;3,3;1,52;0,6;80;0,3;18.0;18.1;18.2;18.3;18.4;18.5
0,45;8;1,2;1,92;3,58;2,16;0,96;17,78;0;18.0;18.1;18.2;18.3;18.4;18.5
0,55;8;1,2;2,38;3,57;1,2;0;26,67;0;18.0;18.1;18.2;18.3;18.4;18.5
0,8;8;1,17;1,44;4,91;2,34;1,44;160;0;18.0;18.1;18.2;18.3;18.4;18.5
0,35;8;1,09;1,8;1,35;1,53;0,3;16;0,2;18.0;18.1;18.2;18.3;18.4;18.5
0,65;8;1,2;1,8;3,35;1,2;0;40;0;18.0;18.1;18.2;18.3;18.4;18.5
0,65;8;0,98;1,44;7,26;1,42;0,48;32;0;18.0;18.1;18.2;18.3;18.4;18.5
0,4;8;1,01;1,44;7,31;1,01;0;17,78;0;18.0;18.1;18.2;18.3;18.4;18.5
0,35;8;1,2;1,32;2,18;1,5;0,74;14,55;0;18.0;18.1;18.2;18.3;18.4;18.5
0,85;8;1,06;1,26;6,24;1,06;0;160;0;18.0;18.1;18.2;18.3;18.4;18.5
0,45;8;1,2;2,88;5,82;2,04;2,4;17,78;0;18.0;18.1;18.2;18.3;18.4;18.5
0,5;8;1,2;1,44;2,56;1,2;0;26,67;0;18.0;18.1;18.2;18.3;18.4;18.5
0,85;8;1,14;1,44;7,26;1,14;0;160;0;18.0;18.1;18.2;18.3;18.4;18.5
0,45;8;1,2;1;2,2;2,46;0,9;22,86;0;18.0;18.1;18.2;18.3;18.4;18.5
0,45;8;1,17;1,44;7,31;1,17;0;20;0;18.0;18.1;18.2;18.3;18.4;18.5
0,55;8;1,2;2;7,15;1,68;2;26,67;3;18.0;18.1;18.2;18.3;18.4;18.5
0,55;8;1,06;1,5;7,6;1,43;0,5;22,86;0;18.0;18.1;18.2;18.3;18.4;18.5
0,45;8;1,2;2,1;5,45;1,2;0;20;0;18.0;18.1;18.2;18.3;18.4;18.5
0,75;8;0,85;1,26;6,29;1,74;1,68;80;4,2;18.0;18.1;18.2;18.3;18.4;18.5
0,45;8;1,14;1,44;1,26;2,45;1,02;17,78;0;18.0;18.1;18.2;18.3;18.4;18.5
0,75;8;0,85;0,72;3,23;1,74;0,3;80;0;18.0;18.1;18.2;18.3;18.4;18.5
0,75;8;0,98;2,56;2,94;1,62;0,96;53,33;1,6;18.0;18.1;18.2;18.3;18.4;18.5
0,85;8;1,17;1,44;7,31;2,11;1,44;0;0;18.0;18.1;18.2;18.3;18.4;18.5
0,85;8;0,98;1,2;5,9;2,01;2,4;160;0;18.0;18.1;18.2;18.3;18.4;18.5
0,5;8;1,17;3,36;4,19;1,64;1,26;22,86;1,68;18.0;18.1;18.2;18.3;18.4;18.5
0,85;8;1,17;1,44;1,31;1,17;0;0;0;18.0;18.1;18.2;18.3;18.4;18.5
0,6;8;1,2;2,52;3,78;1,2;0;26,67;0;18.0;18.1;18.2;18.3;18.4;18.5
0,45;8;0,98;2,88;5,82;1,72;1,44;17,78;4,8;18.0;18.1;18.2;18.3;18.4;18.5
0,45;8;1,14;1,68;5,82;1,65;0,42;17,78;2,94;18.0;18.1;18.2;18.3;18.4;18.5
0,45;8;1,17;1,44;7,31;1,58;2,88;20;0;18.0;18.1;18.2;18.3;18.4;18.5
0,55;8;1,17;1,44;1,31;2,05;0,66;26,67;0;18.0;18.1;18.2;18.3;18.4;18.5
0,5;8;1,06;1,2;5,9;1,06;0;20;0;18.0;18.1;18.2;18.3;18.4;18.5
0,65;8;1,17;1,5;7,65;1,17;0;40;0;18.0;18.1;18.2;18.3;18.4;18.5
0,65;8;0,85;1,32;6,63;1,7;2,64;40;3,08;18.0;18.1;18.2;18.3;18.4;18.5
0,35;8;1,2;0,88;2,62;1,2;0;14,55;0;18.0;18.1;18.2;18.3;18.4;18.5
0,5;8;1,2;1,2;5,9;1,86;0,4;20;0;18.0;18.1;18.2;18.3;18.4;18.5
0,6;8;1,17;1,44;2,51;2,16;1,44;32;0;18.0;18.1;18.2;18.3;18.4;18.5
0,7;8;1,2;2,88;5,82;1,2;0;40;0;18.0;18.1;18.2;18.3;18.4;18.5
0,75;8;1,2;1,8;4,55;2,04;0,36;80;0;18.0;18.1;18.2;18.3;18.4;18.5
0,45;8;1,2;1,6;5,55;1,5;1,6;20;0;18.0;18.1;18.2;18.3;18.4;18.5
0,8;8;1,2;2,52;3,78;1,2;0;80;0;18.0;18.1;18.2;18.3;18.4;18.5
0,85;8;1,2;3,84;4,86;1,2;0;160;0;18.0;18.1;18.2;18.3;18.4;18.5
0,8;8;0,9;1,02;4,88;0,9;0;80;0;18.0;18.1;18.2;18.3;18.4;18.5
0,5;8;1,2;3,24;3,16;1,5;0,72;26,67;4,32;18.0;18.1;18.2;18.3;18.4;18.5
0,85;8;0,98;1,44;4,86;0,98;0;160;0;18.0;18.1;18.2;18.3;18.4;18.5
0,85;8;0,98;1,2;5,9;1,57;0,8;160;0,8;18.0;18.1;18.2;18.3;18.4;18.5
0,8;8;1,09;2,5;6,65;1,69;1;160;5;18.0;18.1;18.2;18.3;18.4;18.5
0,45;8;1,2;2,88;3,47;1,98;0,36;20;0;18.0;18.1;18.2;18.3;18.4;18.5
0,85;8;1,2;0,96;4,54;1,68;1,6;160;0;18.0;18.1;18.2;18.3;18.4;18.5
0,85;8;1,2;1,6;5,55;2,28;1,6;0;0;18.0;18.1;18.2;18.3;18.4;18.5
0,4;8;0,85;1,44;4,91;1,4;1,08;17,78;0,72;18.0;18.1;18.2;18.3;18.4;18.5
0,7;8;1,14;1,62;1,08;1,14;0;40;0;18.0;18.1;18.2;18.3;18.4;18.5
0,75;8;1,01;1,26;6,29;2,02;1,68;80;0;18.0;18.1;18.2;18.3;18.4;18.5
0,75;8;1,2;2,04;3,86;1,2;0;53,33;0;18.0;18.1;18.2;18.3;18.4;18.5
0,35;8;1,2;3,36;4,14;1,92;0,84;14,55;0;18.0;18.1;18.2;18.3;18.4;18.5
0,35;8;0,98;1,08;5,22;1,32;1,08;14,55;0;18.0;18.1;18.2;18.3;18.4;18.5
0,65;8;1,2;1,14;5,61;1,2;0;40;0;18.0;18.1;18.2;18.3;18.4;18.5
0,45;8;1,14;1,8;3,3;1,14;0;17,78;0;18.0;18.1;18.2;18.3;18.4;18.5
0,85;8;1,2;2,88;5,82;1,56;0,96;160;5,28;18.0;18.1;18.2;18.3;18.4;18.5
0,55;8;1,17;1,2;1,95;2,16;0,5;26,67;0;18.0;18.1;18.2;18.3;18.4;18.5
0,5;8;1,2;1,2;2,7;1,2;0;20;0;18.0;18.1;18.2;18.3;18.4;18.5
0,75;8;1,2;4;5,1;1,56;1;53,33;3,5;18.0;18.1;18.2;18.3;18.4;18.5
0,65;8;1,2;1,08;1,67;1,8;1,02;40;0;18.0;18.1;18.2;18.3;18.4;18.5
0,7;8;1,14;1,2;1,9;2,17;0,5;40;0;18.0;18.1;18.2;18.3;18.4;18.5
0,6;8;0,93;2,88;5,87;1,58;1,44;32;6,24;18.0;18.1;18.2;18.3;18.4;18.5
0,35;8;0,98;0,6;2,5;2,01;0,7;14,55;0;18.0;18.1;18.2;18.3;18.4;18.5
0,5;8;1,14;1,2;5,9;1,14;0;20;0;18.0;18.1;18.2;18.3;18.4;18.5
0,35;8;1,2;3,84;4,91;1,2;0;16;0;18.0;18.1;18.2;18.3;18.4;18.5
0,5;8;1,17;1,44;1,31;2,52;1,02;22,86;0;18.0;18.1;18.2;18.3;18.4;18.5
0,55;8;1,2;0,72;2,03;1,2;0;26,67;0;18.0;18.1;18.2;18.3;18.4;18.5
0,7;8;0,98;0,72;1,98;1,57;0,66;40;0;18.0;18.1;18.2;18.3;18.4;18.5
0,35;8;0,98;1,84;6,46;1,57;2,76;14,55;1,38;18.0;18.1;18.2;18.3;18.4;18.5
0,7;8;1,17;1,52;5,23;1,81;1,14;53,33;0;18.0;18.1;18.2;18.3;18.4;18.5
0,85;8;0,98;3,2;3,9;1,37;1,6;160;0,4;18.0;18.1;18.2;18.3;18.4;18.5
0,5;8;1,09;2,7;2,45;1,96;0,9;22,86;0;18.0;18.1;18.2;18.3;18.4;18.5
0,5;8;1,2;1,44;2,46;1,2;0;20;0;18.0;18.1;18.2;18.3;18.4;18.5
0,55;8;1,2;1,62;1,08;2,52;0,66;22,86;0;18.0;18.1;18.2;18.3;18.4;18.5
0,45;8;0,98;1,6;3,9;1,86;1,6;17,78;0;18.0;18.1;18.2;18.3;18.4;18.5
0,65;8;1,17;1,26;1,49;1,81;0,66;40;0;18.0;18.1;18.2;18.3;18.4;18.5
0,8;8;1,2;3,22;5,08;1,2;0;80;0;18.0;18.1;18.2;18.3;18.4;18.5
0,35;8;0,85;1,32;6,63;1,74;2,64;16;0;18.0;18.1;18.2;18.3;18.4;18.5
0,5;8;1,06;1,32;6,58;1,38;0,88;20;0;18.0;18.1;18.2;18.3;18.4;18.5
0,55;8;1,2;2;5,15;1,2;0;26,67;0;18.0;18.1;18.2;18.3;18.4;18.5
0,6;8;1,2;1,8;4,55;1,2;0;32;0;18.0;18.1;18.2;18.3;18.4;18.5
0,75;8;0,9;1,44;4,86;1,85;1,08;53,33;0;18.0;18.1;18.2;18.3;18.4;18.5
0,7;8;1,2;1,44;1,26;2,1;0,66;40;0;18.0;18.1;18.2;18.3;18.4;18.5
0,45;8;1,2;1,52;5,23;1,2;0;20;0;18.0;18.1;18.2;18.3;18.4;18.5
0,4;8;1,17;3,36;4,19;1,17;0;17,78;0;18.0;18.1;18.2;18.3;18.4;18.5
0,7;8;1,2;2,88;5,87;1,5;0,48;53,33;3,84;18.0;18.1;18.2;18.3;18.4;18.5
0,65;8;0,98;1,68;5,82;1,86;1,68;32;0;18.0;18.1;18.2;18.3;18.4;18.5
0,35;8;1,2;2,88;3,42;1,2;0;14,55;0;18.0;18.1;18.2;18.3;18.4;18.5
0,8;8;1,2;2,88;2,62;2,1;0,96;80;0;18.0;18.1;18.2;18.3;18.4;18.5
0,85;8;1,2;1,8;1,3;2,58;0,9;160;0;18.0;18.1;18.2;18.3;18.4;18.5
0,55;8;1,06;1,6;3,9;1,54;0,96;22,86;0,96;18.0;18.1;18.2;18.3;18.4;18.5
0,4;8;1,14;1,8;4,5;2,11;0,36;16;0;18.0;18.1;18.2;18.3;18.4;18.5
0,85;8;1,17;1,28;4,27;1,87;0,96;0;0;18.0;18.1;18.2;18.3;18.4;18.5
0,45;8;1,2;1,56;2,74;1,2;0;17,78;0;18.0;18.1;18.2;18.3;18.4;18.5
0,55;8;1,2;3,5;5,6;1,2;0;22,86;0;18.0;18.1;18.2;18.3;18.4;18.5
0,5;8;1,2;1,62;1,13;1,5;0,3;22,86;1,98;18.0;18.1;18.2;18.3;18.4;18.5
0,45;8;1,17;0,72;2,03;2,28;1,02;20;0;18.0;18.1;18.2;18.3;18.4;18.5
0,65;8;1,2;1,8;1,35;2,22;0,9;40;0;18.0;18.1;18.2;18.3;18.4;18.5
0,45;8;1,17;1,6;5,55;1,17;0;20;0;18.0;18.1;18.2;18.3;18.4;18.5
0,45;8;1,2;1,6;5,55;1,56;1,6;20;0;18.0;18.1;18.2;18.3;18.4;18.5
0,35;8;1,2;1,44;7,26;1,2;0;14,55;0;18.0;18.1;18.2;18.3;18.4;18.5
0,6;8;1,17;2,88;3,47;1,52;0,36;32;2,88;18.0;18.1;18.2;18.3;18.4;18.5
0,7;8;1,2;4;5,1;2,46;2,5;40;0;18.0;18.1;18.2;18.3;18.4;18.5
0,4;8;1,17;1,2;5,95;2,05;2,4;17,78;0;18.0;18.1;18.2;18.3;18.4;18.5
0,85;8;1,2;1,5;3,65;2,46;0,6;0;0;18.0;18.1;18.2;18.3;18.4;18.5
0,8;8;1,17;1,52;5,23;1,93;0,76;160;0;18.0;18.1;18.2;18.3;18.4;18.5
0,75;8;1,14;1,6;3,9;1,14;0;53,33;0;18.0;18.1;18.2;18.3;18.4;18.5
0,45;8;1,2;1,4;3,3;1,62;1,42;17,78;0;18.0;18.1;18.2;18.3;18.4;18.5
0,45;8;1,17;0,72;3,23;1,87;0,78;20;0;18.0;18.1;18.2;18.3;18.4;18.5
0,6;8;0,98;2,5;6,6;1,32;0,5;26,67;2;18.0;18.1;18.2;18.3;18.4;18.5
0,85;8;1,2;3,22;5,13;2,16;1,38;0;0;18.0;18.1;18.2;18.3;18.4;18.5
0,7;8;1,2;1,8;4,55;1,2;0;53,33;0;18.0;18.1;18.2;18.3;18.4;18.5
0,85;8;1,2;2,52;3,83;2,58;0,36;0;0;18.0;18.1;18.2;18.3;18.4;18.5
0,75;8;0,98;1,4;3,3;1,96;0,86;53,33;0;18.0;18.1;18.2;18.3;18.4;18.5
0,65;8;0,98;1,6;5,5;0,98;0;32;0;18.0;18.1;18.2;18.3;18.4;18.5
0,7;8;1,14;1,2;2,7;2,51;1,02;40;0;18.0;18.1;18.2;18.3;18.4;18.5
0,5;8;0,98;4;5,1;1,32;1,5;20;4;18.0;18.1;18.2;18.3;18.4;18.5
0,75;8;0,98;0,8;2,3;1,57;0,9;53,33;0,2;18.0;18.1;18.2;18.3;18.4;18.5
0,75;8;0,98;2,76;5,54;1,57;1,38;53,33;1,84;18.0;18.1;18.2;18.3;18.4;18.5
0,4;8;1,2;1,44;1,26;1,2;0;16;0;18.0;18.1;18.2;18.3;18.4;18.5
0,5;8;1,17;1,44;2,51;1,17;0;22,86;0;18.0;18.1;18.2;18.3;18.4;18.5
0,4;8;1,2;3,2;3,95;1,2;0;17,78;0;18.0;18.1;18.2;18.3;18.4;18.5
0,65;8;1,14;3,36;4,14;1,14;0;32;0;18.0;18.1;18.2;18.3;18.4;18.5
0,8;8;0,98;1,44;4,86;0,98;0;80;0;18.0;18.1;18.2;18.3;18.4;18.5
0,8;8;1,2;1,36;4,54;2,46;1,02;80;0;18.0;18.1;18.2;18.3;18.4;18.5
0,85;8;1,2;2;7,15;1,2;0;0;0;18.0;18.1;18.2;18.3;18.4;18.5
0,4;8;1,14;2,88;5,82;2,17;2,4;16;0;18.0;18.1;18.2;18.3;18.4;18.5
0,65;8;1,2;2,76;5,59;1,2;0;40;0;18.0;18.1;18.2;18.3;18.4;18.5
0,85;8;1,2;1,8;1,35;1,2;0;0;0;18.0;18.1;18.2;18.3;18.4;18.5
0,55;8;1,2;1,62;1,08;1,98;0,84;22,86;0;18.0;18.1;18.2;18.3;18.4;18.5
0,8;8;1,2;1,7;4,2;1,2;0;80;0;18.0;18.1;18.2;18.3;18.4;18.5
0,5;8;1,2;2,88;3,47;1,2;0;22,86;0;18.0;18.1;18.2;18.3;18.4;18.5
0,8;8;1,2;1,6;1,6;2,34;0,9;0;0;18.0;18.1;18.2;18.3;18.4;18.5
0,8;8;1,2;1,2;5,95;1,2;0;160;0;18.0;18.1;18.2;18.3;18.4;18.5
0,65;8;1,17;2,34;2,01;1,81;0,3;40;0;18.0;18.1;18.2;18.3;18.4;18.5
0,45;8;1,2;2,52;5,03;1,5;0,84;20;0;18.0;18.1;18.2;18.3;18.4;18.5
0,85;8;1,2;1,7;4,2;1,2;0;160;0;18.0;18.1;18.2;18.3;18.4;18.5
0,45;8;1,17;1,2;5,95;1,17;0;20;0;18.0;18.1;18.2;18.3;18.4;18.5
0,8;8;1,17;1,56;2,79;2,52;0,3;160;0;18.0;18.1;18.2;18.3;18.4;18.5
0,6;8;1,2;1,2;2,75;1,2;0;32;0;18.0;18.1;18.2;18.3;18.4;18.5
0,5;8;0,85;1,14;5,61;1,15;1,52;22,86;0;18.0;18.1;18.2;18.3;18.4;18.5
0,45;8;1,14;2,72;3,18;1,14;0;17,78;0;18.0;18.1;18.2;18.3;18.4;18.5
0,85;8;1,01;2,52;5,03;1,01;0;0;0;18.0;18.1;18.2;18.3;18.4;18.5
0,7;8;1,06;2,88;5,82;1,06;0;40;0;18.0;18.1;18.2;18.3;18.4;18.5
0,4;8;1,09;2,52;5,03;1,69;0,84;17,78;0;18.0;18.1;18.2;18.3;18.4;18.5
0,75;8;0,85;3,96;3,99;1,49;0,44;80;1,76;18.0;18.1;18.2;18.3;18.4;18.5
0,5;8;0,9;1,68;5,82;0,9;0;20;0;18.0;18.1;18.2;18.3;18.4;18.5
0,7;8;1,09;1,44;4,91;1,09;0;53,33;0;18.0;18.1;18.2;18.3;18.4;18.5
0,85;8;1,17;1,44;1,31;1,17;0;0;0;18.0;18.1;18.2;18.3;18.4;18.5
0,7;8;1,2;1;2,15;1,2;0;53,33;0;18.0;18.1;18.2;18.3;18.4;18.5
0,8;8;1,2;2;7,15;1,2;0;160;0;18.0;18.1;18.2;18.3;18.4;18.5
0,8;8;1,09;1,68;5,87;1,47;0,84;160;0,84;18.0;18.1;18.2;18.3;18.4;18.5
0,4;8;0,98;2,4;6,3;0,98;0;16;0;18.0;18.1;18.2;18.3;18.4;18.5
0,45;8;1,2;1,52;5,18;1,2;0;17,78;0;18.0;18.1;18.2;18.3;18.4;18.5
0,7;8;1,2;2,88;3,47;1,2;0;53,33;0;18.0;18.1;18.2;18.3;18.4;18.5
0,65;8;0,93;0,54;2,21;1,44;0,3;40;0;18.0;18.1;18.2;18.3;18.4;18.5
0,65;8;1,14;1,6;5,5;1,14;0;32;0;18.0;18.1;18.2;18.3;18.4;18.5
0,7;8;1,2;1,52;5,18;1,2;0;40;0;18.0;18.1;18.2;18.3;18.4;18.5
0,5;8;1,17;2,88;3,47;1,64;1,08;22,86;0;18.0;18.1;18.2;18.3;18.4;18.5
0,35;8;0,9;1,6;5,5;0,9;0;14,55;0;18.0;18.1;18.2;18.3;18.4;18.5
0,65;8;1,14;2,88;3,42;2,17;0,36;32;0;18.0;18.1;18.2;18.3;18.4;18.5
0,45;8;0,85;2,4;6,35;1,44;0,48;20;5,76;18.0;18.1;18.2;18.3;18.4;18.5
0,45;8;1,2;2,88;3,47;1,2;0;20;0;18.0;18.1;18.2;18.3;18.4;18.5
0,75;8;1,2;3,6;3,5;1,2;0;53,33;0;18.0;18.1;18.2;18.3;18.4;18.5
0,65;8;1,2;1,44;7,26;2,4;0,48;32;0;18.0;18.1;18.2;18.3;18.4;18.5
0,7;8;0,98;1,2;5,9;1,96;1,6;40;0;18.0;18.1;18.2;18.3;18.4;18.5
0,4;8;0,85;1,6;5,55;1,49;1,6;17,78;2;18.0;18.1;18.2;18.3;18.4;18.5
0,75;8;1,01;1,38;6,97;1,52;0,92;80;0;18.0;18.1;18.2;18.3;18.4;18.5
0,75;8;1,2;1,6;5,55;1,2;0;80;0;18.0;18.1;18.2;18.3;18.4;18.5
0,65;8;0,98;1,7;4,2;1,47;1,7;32;2,72;18.0;18.1;18.2;18.3;18.4;18.5
0,7;8;0,93;1,4;3,35;1,91;0,3;53,33;0;18.0;18.1;18.2;18.3;18.4;18.5
0,45;8;1,2;2;7,15;1,5;1,5;20;0;18.0;18.1;18.2;18.3;18.4;18.5
0,85;8;1,17;1,44;4,91;1,17;0;0;0;18.0;18.1;18.2;18.3;18.4;18.5
0,4;8;1,14;1,44;4,86;1,77;1,08;16;0;18.0;18.1;18.2;18.3;18.4;18.5
0,75;8;0,98;1,2;5,9;1,86;2;53,33;0;18.0;18.1;18.2;18.3;18.4;18.5
0,7;8;1,14;1,44;4,86;1,14;0;40;0;18.0;18.1;18.2;18.3;18.4;18.5
0,65;8;1,2;3,22;5,13;1,92;2,76;40;0;18.0;18.1;18.2;18.3;18.4;18.5
0,75;8;1,01;1,44;7,31;1,52;1,44;80;0;18.0;18.1;18.2;18.3;18.4;18.5
0,35;8;1,2;0,8;2,35;1,62;0,3;16;0;18.0;18.1;18.2;18.3;18.4;18.5
0,45;8;0,9;1,32;6,58;1,62;2,2;17,78;0;18.0;18.1;18.2;18.3;18.4;18.5
0,4;8;1,01;2,66;4,09;1,01;0;17,78;0;18.0;18.1;18.2;18.3;18.4;18.5
0,6;8;1,2;4;5,1;1,92;1,5;26,67;0;18.0;18.1;18.2;18.3;18.4;18.5
0,45;8;0,98;0,72;1,98;1,57;0,48;17,78;0;18.0;18.1;18.2;18.3;18.4;18.5
0,5;8;1,09;1,4;3,35;2,02;0,3;22,86;0;18.0;18.1;18.2;18.3;18.4;18.5
0,5;8;0,98;1,52;5,18;0,98;0;20;0;18.0;18.1;18.2;18.3;18.4;18.5
0,8;8;1,14;2,16;1,74;1,14;0;80;0;18.0;18.1;18.2;18.3;18.4;18.5
0,45;8;1,17;4;5,15;1,17;0;20;0;18.0;18.1;18.2;18.3;18.4;18.5
0,7;8;1,2;3,22;5,08;1,2;0;40;0;18.0;18.1;18.2;18.3;18.4;18.5
0,7;8;1,2;2,52;3,83;1,2;0;53,33;0;18.0;18.1;18.2;18.3;18.4;18.5
0,65;8;1,09;1,04;3,31;2,13;1,08;40;0;18.0;18.1;18.2;18.3;18.4;18.5
0,85;8;1,2;1,26;6,29;1,2;0;0;0;18.0;18.1;18.2;18.3;18.4;18.5
0,45;8;1,14;1,52;5,18;1,14;0;17,78;0;18.0;18.1;18.2;18.3;18.4;18.5
0,75;8;1,06;3,52;4,38;1,06;0;53,33;0;18.0;18.1;18.2;18.3;18.4;18.5
0,4;8;1,2;3,36;4,14;1,2;0;16;0;18.0;18.1;18.2;18.3;18.4;18.5
0,85;8;1,2;3,5;5,6;1,2;0;160;0;18.0;18.1;18.2;18.3;18.4;18.5
0,7;8;1,2;3,08;4,82;1,92;0,88;40;0;18.0;18.1;18.2;18.3;18.4;18.5
0,4;8;1,2;3,68;4,62;1,2;0;16;0;18.0;18.1;18.2;18.3;18.4;18.5
0,75;8;1,2;1,4;3,35;1,5;0,3;80;0;18.0;18.1;18.2;18.3;18.4;18.5
0,55;8;1,06;1,68;5,82;2,17;0,84;22,86;0;18.0;18.1;18.2;18.3;18.4;18.5
0,7;8;1,06;2,24;2,46;1,06;0;40;0;18.0;18.1;18.2;18.3;18.4;18.5
0,8;8;1,17;2,94;4,61;1,17;0;160;0;18.0;18.1;18.2;18.3;18.4;18.5
0,6;8;1,2;1,44;4,86;1,74;1,8;26,67;0;18.0;18.1;18.2;18.3;18.4;18.5
0,5;8;1,17;2,16;1,79;1,75;0,3;22,86;0;18.0;18.1;18.2;18.3;18.4;18.5
0,8;8;0,98;1,36;4,54;0,98;0;80;0;18.0;18.1;18.2;18.3;18.4;18.5
0,8;8;1,17;1,84;6,51;1,17;0;160;0;18.0;18.1;18.2;18.3;18.4;18.5
0,8;8;1,09;2,88;3,47;1,74;1,08;160;0;18.0;18.1;18.2;18.3;18.4;18.5
0,85;8;1,06;1,32;6,58;1,06;0;160;0;18.0;18.1;18.2;18.3;18.4;18.5
0,45;8;0,85;1,84;6,51;1,36;0,46;20;0,92;18.0;18.1;18.2;18.3;18.4;18.5
0,55;8;0,85;1,7;4,25;1,53;1,02;26,67;0,68;18.0;18.1;18.2;18.3;18.4;18.5
0,85;8;0,98;2;5,1;0,98;0;160;0;18.0;18.1;18.2;18.3;18.4;18.5
0,8;8;1,17;3,22;5,13;1,81;2,3;160;0;18.0;18.1;18.2;18.3;18.4;18.5
0,85;8;1,01;1,6;5,55;1,01;0;0;0;18.0;18.1;18.2;18.3;18.4;18.5
0,8;8;0,98;1,8;3,3;1,32;0,3;80;0;18.0;18.1;18.2;18.3;18.4;18.5
0,5;8;0,98;2,88;5,82;0,98;0;20;0;18.0;18.1;18.2;18.3;18.4;18.5
0,65;8;1,2;4;5,1;1,2;0;32;0;18.0;18.1;18.2;18.3;18.4;18.5
0,75;8;0,93;2,24;3,31;1,44;0,96;80;1,28;18.0;18.1;18.2;18.3;18.4;18.5
0,35;8;0,98;1,44;7,26;2,16;2,4;14,55;0;18.0;18.1;18.2;18.3;18.4;18.5
0,8;8;0,9;1,26;6,24;1,39;1,26;80;0,42;18.0;18.1;18.2;18.3;18.4;18.5
0,45;8;1,2;1,84;6,46;1,92;0,92;17,78;0;18.0;18.1;18.2;18.3;18.4;18.5
0,4;8;1,2;3,22;5,13;1,2;0;17,78;0;18.0;18.1;18.2;18.3;18.4;18.5
0,45;8;1,06;2,66;4,04;2,07;2,28;17,78;0;18.0;18.1;18.2;18.3;18.4;18.5
0,85;8;0,98;4;5,1;1,76;3;160;0;18.0;18.1;18.2;18.3;18.4;18.5
0,6;8;1,2;1,44;4,91;1,2;0;32;0;18.0;18.1;18.2;18.3;18.4;18.5
0,4;8;1,01;3,22;5,13;1,01;0;17,78;0;18.0;18.1;18.2;18.3;18.4;18.5
0,35;8;0,98;1,32;6,58;1,37;2,64;14,55;1,76;18.0;18.1;18.2;18.3;18.4;18.5
0,7;8;1,2;1,62;1,18;1,92;1,02;80;0;18.0;18.1;18.2;18.3;18.4;18.5
0,85;8;0,85;1,44;4,91;1,57;1,44;0;5,04;18.0;18.1;18.2;18.3;18.4;18.5
0,5;8;0,93;1,02;4,93;0,93;0;22,86;0;18.0;18.1;18.2;18.3;18.4;18.5
0,7;8;1,09;1,2;1,95;1,85;0,3;53,33;0;18.0;18.1;18.2;18.3;18.4;18.5
0,85;8;1,2;1,44;1,31;1,56;1,08;0;0;18.0;18.1;18.2;18.3;18.4;18.5
0,85;8;1,2;1,44;2,46;2,4;1,02;160;0;18.0;18.1;18.2;18.3;18.4;18.5
0,35;8;0,98;1,28;4,22;0,98;0;14,55;0;18.0;18.1;18.2;18.3;18.4;18.5
0,45;8;1,2;2,88;3,47;1,98;0,36;20;0;18.0;18.1;18.2;18.3;18.4;18.5
0,85;8;1,2;2,88;3,47;1,2;0;0;0;18.0;18.1;18.2;18.3;18.4;18.5
0,65;8;1,2;2,88;3,47;1,2;0;40;0;18.0;18.1;18.2;18.3;18.4;18.5
0,8;8;0,9;1,44;7,26;1,53;1,44;80;0;18.0;18.1;18.2;18.3;18.4;18.5
0,85;8;1,2;1,8;1,35;1,56;0,5;0;0;18.0;18.1;18.2;18.3;18.4;18.5
0,7;8;1,17;1,44;4,91;1,17;0;53,33;0;18.0;18.1;18.2;18.3;18.4;18.5
0,45;8;0,9;1,44;4,86;1,44;0,36;17,78;3,24;18.0;18.1;18.2;18.3;18.4;18.5
0,6;8;0,98;1,44;7,26;0,98;0;26,67;0;18.0;18.1;18.2;18.3;18.4;18.5
0,85;8;1,01;2,88;5,87;1,01;0;0;0;18.0;18.1;18.2;18.3;18.4;18.5
0,6;8;1,2;1,44;2,51;2,22;1,02;32;0;18.0;18.1;18.2;18.3;18.4;18.5
0,7;8;1,2;2,28;4,47;2,64;0,76;53,33;0;18.0;18.1;18.2;18.3;18.4;18.5
0,5;8;0,85;1,4;3,35;1,78;0,3;22,86;0;18.0;18.1;18.2;18.3;18.4;18.5
0,55;8;1,17;4;5,15;1,17;0;26,67;0;18.0;18.1;18.2;18.3;18.4;18.5
0,7;8;1,2;2,88;5,87;1,5;1,92;53,33;0;18.0;18.1;18.2;18.3;18.4;18.5
0,4;8;1,2;0,8;2,3;1,2;0;16;0;18.0;18.1;18.2;18.3;18.4;18.5
0,45;8;1,2;3,22;5,13;2,22;2,76;20;0;18.0;18.1;18.2;18.3;18.4;18.5
0,75;8;0,93;1,44;7,31;1,44;2,88;80;0;18.0;18.1;18.2;18.3;18.4;18.5
0,7;8;1,2;2,88;3,47;2,16;0,36;53,33;0;18.0;18.1;18.2;18.3;18.4;18.5
0,45;8;0,98;0,9;4,2;1,32;0,3;17,78;3;18.0;18.1;18.2;18.3;18.4;18.5
0,65;8;1,2;2,04;3,91;1,2;0;40;0;18.0;18.1;18.2;18.3;18.4;18.5
0,6;8;0,98;0,8;2,3;2,11;1,2;26,67;0;18.0;18.1;18.2;18.3;18.4;18.5
0,65;8;0,98;1,44;4,86;0,98;0;32;0;18.0;18.1;18.2;18.3;18.4;18.5
0,85;8;0,93;3,6;3,55;1,44;0,4;0;0,4;18.0;18.1;18.2;18.3;18.4;18.5
0,35;8;1,17;1,6;3,95;2,57;0,96;16;0;18.0;18.1;18.2;18.3;18.4;18.5
0,35;8;1,14;1,44;1,26;1,14;0;14,55;0;18.0;18.1;18.2;18.3;18.4;18.5
0,85;8;1,17;1,36;4,59;2,34;1,02;0;0;18.0;18.1;18.2;18.3;18.4;18.5
0,85;8;0,98;1,44;7,26;1,37;2,88;160;0;18.0;18.1;18.2;18.3;18.4;18.5
0,7;8;1,2;2,3;6;2,4;0,92;40;0;18.0;18.1;18.2;18.3;18.4;18.5
0,55;8;1,17;1,44;4,91;1,17;0;26,67;0;18.0;18.1;18.2;18.3;18.4;18.5
0,35;8;1,14;3,22;5,08;1,14;0;14,55;0;18.0;18.1;18.2;18.3;18.4;18.5
0,55;8;1,2;3,22;5,18;1,98;2,76;32;0;18.0;18.1;18.2;18.3;18.4;18.5
0,85;8;0,9;0,78;3,52;1,76;1,08;160;0;18.0;18.1;18.2;18.3;18.4;18.5
0,85;8;0,98;1,84;6,46;2,06;2,3;160;0;18.0;18.1;18.2;18.3;18.4;18.5
0,5;8;0,93;1,92;3,63;1,44;1,28;22,86;0,96;18.0;18.1;18.2;18.3;18.4;18.5
0,55;8;1,06;1,2;5,9;1,06;0;22,86;0;18.0;18.1;18.2;18.3;18.4;18.5
0,8;8;0,98;1,8;3,3;1,47;0,6;80;1,2;18.0;18.1;18.2;18.3;18.4;18.5
0,85;8;1,17;3,5;5,65;1,7;2,5;0;0;18.0;18.1;18.2;18.3;18.4;18.5
0,85;8;1,2;3,84;4,91;1,5;0,96;0;0;18.0;18.1;18.2;18.3;18.4;18.5
0,85;8;0,98;3,22;5,08;0,98;0;160;0;18.0;18.1;18.2;18.3;18.4;18.5
0,35;8;1,06;2,94;4,56;1,06;0;14,55;0;18.0;18.1;18.2;18.3;18.4;18.5
0,75;8;0,93;1,26;6,29;0,93;0;80;0;18.0;18.1;18.2;18.3;18.4;18.5
0,7;8;0,98;3,78;3,72;1,91;0,84;40;0;18.0;18.1;18.2;18.3;18.4;18.5
0,85;8;1,2;1;2,15;1,98;1,1;0;0;18.0;18.1;18.2;18.3;18.4;18.5
0,85;8;1,06;1,44;2,46;2,23;1,02;160;0;18.0;18.1;18.2;18.3;18.4;18.5
0,8;8;1,09;4,14;4,21;1,09;0;160;0;18.0;18.1;18.2;18.3;18.4;18.5
0,5;8;1,2;1,6;1,5;1,2;0;20;0;18.0;18.1;18.2;18.3;18.4;18.5
0,85;8;1,09;1,08;1,67;1,85;1,02;0;0;18.0;18.1;18.2;18.3;18.4;18.5
0,8;8;1,2;2,16;1,79;1,2;0;160;0;18.0;18.1;18.2;18.3;18.4;18.5
0,35;8;1,17;1,4;3,35;1,81;1,42;16;0;18.0;18.1;18.2;18.3;18.4;18.5
0,45;8;1,17;1,26;1,49;1,81;0,3;20;0;18.0;18.1;18.2;18.3;18.4;18.5
0,7;8;1,2;3,5;5,6;1,2;0;40;0;18.0;18.1;18.2;18.3;18.4;18.5
0,5;8;1,14;2,52;4,98;1,14;0;20;0;18.0;18.1;18.2;18.3;18.4;18.5
0,85;8;1,01;1,44;7,31;1,87;0,48;0;0;18.0;18.1;18.2;18.3;18.4;18.5
0,5;8;1,09;2,88;3,47;2,4;1,08;22,86;0;18.0;18.1;18.2;18.3;18.4;18.5
0,65;8;1,14;1,6;1,5;1,14;0;32;0;18.0;18.1;18.2;18.3;18.4;18.5
0,8;8;1,01;1,2;5,95;1,87;2,4;160;0;18.0;18.1;18.2;18.3;18.4;18.5
0,4;8;1,2;3,22;5,08;1,2;0;16;0;18.0;18.1;18.2;18.3;18.4;18.5
0,6;8;1,17;0,88;2,67;1,17;0;32;0;18.0;18.1;18.2;18.3;18.4;18.5
0,7;8;1,2;1,52;5,18;1,2;0;40;0;18.0;18.1;18.2;18.3;18.4;18.5
0,8;8;1,2;1,44;1,31;1,92;0,48;160;0;18.0;18.1;18.2;18.3;18.4;18.5
0,8;8;1,17;1,44;4,91;1,17;0;160;0;18.0;18.1;18.2;18.3;18.4;18.5
0,8;8;0,85;2,2;5,75;1,83;1,76;160;0;18.0;18.1;18.2;18.3;18.4;18.5
0,75;8;1,09;3,5;5,65;2,07;3;80;0;18.0;18.1;18.2;18.3;18.4;18.5
0,5;8;1,09;0,6;2,55;2,07;0,9;22,86;0;18.0;18.1;18.2;18.3;18.4;18.5
0,8;8;0,98;3;6,1;0,98;0;80;0;18.0;18.1;18.2;18.3;18.4;18.5
0,8;8;0,98;3,22;5,08;1,32;2,3;80;0;18.0;18.1;18.2;18.3;18.4;18.5
0,65;8;1,01;2,04;3,91;1,01;0;40;0;18.0;18.1;18.2;18.3;18.4;18.5
0,8;8;1,09;2,4;6,35;2,02;0,96;160;0;18.0;18.1;18.2;18.3;18.4;18.5
0,5;8;0,98;3,04;3,66;1,91;0,76;20;0;18.0;18.1;18.2;18.3;18.4;18.5
0,75;8;0,98;4,32;4,38;1,67;2,4;53,33;0;18.0;18.1;18.2;18.3;18.4;18.5
0,45;8;0,93;4;5,15;0,93;0;20;0;18.0;18.1;18.2;18.3;18.4;18.5
0,5;8;0,93;2,38;3,57;1,91;1,36;22,86;0;18.0;18.1;18.2;18.3;18.4;18.5
0,35;8;1,2;1,44;1,31;2,34;1,02;16;0;18.0;18.1;18.2;18.3;18.4;18.5
0,4;8;0,98;2,28;4,42;1,32;2,28;16;2,28;18.0;18.1;18.2;18.3;18.4;18.5
0,75;8;1,2;1,44;1,31;1,92;0,66;80;0;18.0;18.1;18.2;18.3;18.4;18.5
0,85;8;1,2;2,52;3,78;2,46;0,36;160;0;18.0;18.1;18.2;18.3;18.4;18.5
0,65;8;0,98;1,44;4,86;0,98;0;32;0;18.0;18.1;18.2;18.3;18.4;18.5
0,75;8;1,12;1,44;4,96;2,18;1,08;160;0;18.0;18.1;18.2;18.3;18.4;18.5
0,85;8;1,01;1,8;3,35;1,52;0,3;0;0;18.0;18.1;18.2;18.3;18.4;18.5
0,75;8;0,93;1,6;5,55;0,93;0;80;0;18.0;18.1;18.2;18.3;18.4;18.5
0,45;8;0,98;1,6;5,5;0,98;0;17,78;0;18.0;18.1;18.2;18.3;18.4;18.5
0,85;8;1,2;3,22;5,13;1,2;0;0;0;18.0;18.1;18.2;18.3;18.4;18.5
0,75;8;1,17;2,04;3,91;2,4;1,02;80;0;18.0;18.1;18.2;18.3;18.4;18.5
0,5;8;1,2;3,04;3,66;2,22;0,76;20;0;18.0;18.1;18.2;18.3;18.4;18.5
0,5;8;0,98;2,88;3,42;1,76;0,36;20;0;18.0;18.1;18.2;18.3;18.4;18.5
0,45;8;1,06;1,44;4,86;2,12;1,08;17,78;0;18.0;18.1;18.2;18.3;18.4;18.5
0,75;8;1,01;2,8;4,35;1,92;2;80;0;18.0;18.1;18.2;18.3;18.4;18.5
0,5;8;1,01;0,8;2,35;1,36;0,9;22,86;0;18.0;18.1;18.2;18.3;18.4;18.5
0,9;8;0,98;0,6;2,5;1,32;0,3;0;0;18.0;18.1;18.2;18.3;18.4;18.5
0,65;8;0,98;1,92;6,78;1,57;0,96;32;0;18.0;18.1;18.2;18.3;18.4;18.5
0,35;8;1,2;1,4;1,75;2,22;0,9;16;0;18.0;18.1;18.2;18.3;18.4;18.5
0,45;8;1,2;1,82;2,48;1,2;0;17,78;0;18.0;18.1;18.2;18.3;18.4;18.5
0,35;8;0,98;1,84;6,46;0,98;0;14,55;0;18.0;18.1;18.2;18.3;18.4;18.5
0,45;8;0,98;3,68;4,62;1,91;1,84;17,78;0;18.0;18.1;18.2;18.3;18.4;18.5
0,85;8;1,17;2,4;4,75;2,4;0,4;0;0;18.0;18.1;18.2;18.3;18.4;18.5
0,35;8;0,98;1,5;7,6;0,98;0;14,55;0;18.0;18.1;18.2;18.3;18.4;18.5
0,35;8;1,09;2,88;3,47;1,09;0;16;0;18.0;18.1;18.2;18.3;18.4;18.5
0,7;8;0,85;2,38;3,57;1,15;1,02;53,33;1,36;18.0;18.1;18.2;18.3;18.4;18.5
0,5;8;1,06;0,78;3,52;1,06;0;20;0;18.0;18.1;18.2;18.3;18.4;18.5
0,85;8;0,98;1,26;6,24;1,86;2,1;160;0;18.0;18.1;18.2;18.3;18.4;18.5
0,55;8;0,98;4;5,1;0,98;0;22,86;0;18.0;18.1;18.2;18.3;18.4;18.5
0,65;8;1,2;2,16;4,24;1,2;0;53,33;0;18.0;18.1;18.2;18.3;18.4;18.5
0,7;8;0,85;1,7;4,25;1,27;1,02;53,33;3,4;18.0;18.1;18.2;18.3;18.4;18.5
0,35;8;1,2;3,08;4,87;1,2;0;16;0;18.0;18.1;18.2;18.3;18.4;18.5
0,8;8;0,98;1,9;4,8;1,76;1,9;80;0;18.0;18.1;18.2;18.3;18.4;18.5
0,85;8;1,2;1,92;2,03;2,52;1,02;0;0;18.0;18.1;18.2;18.3;18.4;18.5
0,4;8;0,98;0,6;2,5;0,98;0;16;0;18.0;18.1;18.2;18.3;18.4;18.5
0,55;8;1,14;1,92;6,78;1,14;0;22,86;0;18.0;18.1;18.2;18.3;18.4;18.5
0,6;8;1,2;2,52;4,98;1,2;0;26,67;0;18.0;18.1;18.2;18.3;18.4;18.5
0,65;8;0,9;4;5,1;0,9;0;32;0;18.0;18.1;18.2;18.3;18.4;18.5
0,45;8;0,98;1,14;5,56;2,01;1,52;17,78;0;18.0;18.1;18.2;18.3;18.4;18.5
0,4;8;0,98;1,38;6,92;1,62;1,38;16;0;18.0;18.1;18.2;18.3;18.4;18.5
0,8;8;0,98;3,36;4,14;1,32;0,84;80;1,68;18.0;18.1;18.2;18.3;18.4;18.5
0,4;8;1,09;3,22;5,13;1,09;0;17,78;0;18.0;18.1;18.2;18.3;18.4;18.5
0,4;8;0,93;2,7;2,45;1,58;0,9;17,78;0;18.0;18.1;18.2;18.3;18.4;18.5
0,8;8;1,06;2;5,1;1,06;0;80;0;18.0;18.1;18.2;18.3;18.4;18.5
0,55;8;1,06;1,2;3,9;1,06;0;22,86;0;18.0;18.1;18.2;18.3;18.4;18.5
0,75;8;0,98;3,68;4,62;0,98;0;53,33;0;18.0;18.1;18.2;18.3;18.4;18.5
0,8;8;1,09;1,28;4,27;1,42;1,92;160;0;18.0;18.1;18.2;18.3;18.4;18.5
0,45;8;1,01;1,2;5,95;2,12;0,8;20;0;18.0;18.1;18.2;18.3;18.4;18.5
0,7;8;1,2;1,96;2,74;2,16;0,86;40;0;18.0;18.1;18.2;18.3;18.4;18.5
0,4;8;1,2;1,4;1,75;1,2;0;17,78;0;18.0;18.1;18.2;18.3;18.4;18.5
0,8;8;1,17;3,22;5,13;1,17;0;160;0;18.0;18.1;18.2;18.3;18.4;18.5
0,85;8;1,09;1,6;3,95;2,18;0,96;0;0;18.0;18.1;18.2;18.3;18.4;18.5
0,8;8;0,9;3,22;5,08;1,89;2,3;80;0;18.0;18.1;18.2;18.3;18.4;18.5
0,85;8;1,14;1,44;2,46;2,17;1,02;160;0;18.0;18.1;18.2;18.3;18.4;18.5
0,75;8;1,14;1;2,1;1,14;0;53,33;0;18.0;18.1;18.2;18.3;18.4;18.5
0,45;8;0,98;2,16;4,14;0,98;0;17,78;0;18.0;18.1;18.2;18.3;18.4;18.5
0,6;8;1,06;0,8;2,3;1,06;0;26,67;0;18.0;18.1;18.2;18.3;18.4;18.5
0,45;8;0,98;2,88;5,82;2,16;2,88;17,78;0;18.0;18.1;18.2;18.3;18.4;18.5
0,5;8;1,2;1,32;2,18;1,2;0;20;0;18.0;18.1;18.2;18.3;18.4;18.5
0,7;8;0,98;1,5;7,6;1,62;2;40;0;18.0;18.1;18.2;18.3;18.4;18.5
0,8;8;1,2;2,88;3,47;1,2;0;160;0;18.0;18.1;18.2;18.3;18.4;18.5
0,4;8;1,2;2,88;2,67;1,98;0,32;17,78;0;18.0;18.1;18.2;18.3;18.4;18.5
0,5;8;0,98;1,6;5,5;0,98;0;20;0;18.0;18.1;18.2;18.3;18.4;18.5
0,7;8;0,98;4;5,1;0,98;0;40;0;18.0;18.1;18.2;18.3;18.4;18.5
0,55;8;1,09;3,06;2,89;1,96;0,68;26,67;0;18.0;18.1;18.2;18.3;18.4;18.5
0,9;8;1,14;1,92;1,98;1,14;0;0;0;18.0;18.1;18.2;18.3;18.4;18.5
0,4;8;1,09;1,44;1,31;2,18;0,3;17,78;0;18.0;18.1;18.2;18.3;18.4;18.5
0,45;8;0,98;2,88;3,42;0,98;0;17,78;0;18.0;18.1;18.2;18.3;18.4;18.5
0,35;8;1,2;1,96;2,79;1,92;1,42;16;0;18.0;18.1;18.2;18.3;18.4;18.5
0,65;8;1,14;1,44;1,26;1,48;0,48;32;0;18.0;18.1;18.2;18.3;18.4;18.5
0,65;8;0,98;2,64;5,26;1,57;2,2;32;0;18.0;18.1;18.2;18.3;18.4;18.5
0,4;8;0,85;3,68;4,67;1,83;2,76;17,78;0;18.0;18.1;18.2;18.3;18.4;18.5
0,45;8;1,2;1,8;3,35;1,92;0,3;20;0;18.0;18.1;18.2;18.3;18.4;18.5
0,4;8;0,98;1,08;1,62;2,01;0,3;16;0;18.0;18.1;18.2;18.3;18.4;18.5
0,6;8;1,2;1,44;1,26;2,1;0,66;26,67;0;18.0;18.1;18.2;18.3;18.4;18.5
0,45;8;0,98;1,56;2,74;0,98;0;17,78;0;18.0;18.1;18.2;18.3;18.4;18.5
0,45;8;0,85;2,2;5,75;1,49;2,2;20;0;18.0;18.1;18.2;18.3;18.4;18.5
0,7;8;1,17;1,8;3,35;1,17;0;53,33;0;18.0;18.1;18.2;18.3;18.4;18.5
0,7;8;1,17;2,28;4,47;1,17;0;53,33;0;18.0;18.1;18.2;18.3;18.4;18.5
0,6;8;1,2;1,2;2,75;1,2;0;32;0;18.0;18.1;18.2;18.3;18.4;18.5
0,6;8;1,06;3,22;5,08;1,06;0;26,67;0;18.0;18.1;18.2;18.3;18.4;18.5
0,7;8;0,98;1,2;3,9;0,98;0;40;0;18.0;18.1;18.2;18.3;18.4;18.5
0,45;8;0,98;0,8;2,3;1,47;0,9;17,78;0,6;18.0;18.1;18.2;18.3;18.4;18.5
0,5;8;1,14;3,22;5,08;1,14;0;20;0;18.0;18.1;18.2;18.3;18.4;18.5
0,4;8;0,98;2,88;3,42;1,62;0,72;16;0;18.0;18.1;18.2;18.3;18.4;18.5
0,75;8;0,98;3,04;3,66;1,47;1,9;53,33;0;18.0;18.1;18.2;18.3;18.4;18.5
0,4;8;1,09;1,28;4,27;1,74;0,96;17,78;0;18.0;18.1;18.2;18.3;18.4;18.5
0,85;8;1,2;1,44;2,51;1,92;1,02;0;0;18.0;18.1;18.2;18.3;18.4;18.5
0,75;8;0,98;2,24;3,26;1,32;1,92;53,33;1,28;18.0;18.1;18.2;18.3;18.4;18.5
0,65;8;1,14;1,26;1,44;1,65;1,08;32;0;18.0;18.1;18.2;18.3;18.4;18.5
0,6;8;0,98;3,36;5,34;0,98;0;26,67;0;18.0;18.1;18.2;18.3;18.4;18.5
0,7;8;1,01;3,24;3,11;1,01;0;53,33;0;18.0;18.1;18.2;18.3;18.4;18.5
0,65;8;0,98;1,8;4,5;1,32;1,08;32;0;18.0;18.1;18.2;18.3;18.4;18.5
0,85;8;0,98;2,88;3,42;0,98;0;160;0;18.0;18.1;18.2;18.3;18.4;18.5
0,75;8;0,93;2;7,15;0,93;0;80;0;18.0;18.1;18.2;18.3;18.4;18.5
0,85;8;0,85;1,52;5,23;1,49;0,76;0;0;18.0;18.1;18.2;18.3;18.4;18.5
0,8;8;1,14;1,44;2,46;2,17;1,44;80;0;18.0;18.1;18.2;18.3;18.4;18.5
0,85;8;1,09;3,96;3,99;1,53;0,88;0;0;18.0;18.1;18.2;18.3;18.4;18.5
0,5;8;1,2;1,3;3,05;1,2;0;22,86;0;18.0;18.1;18.2;18.3;18.4;18.5
0,4;8;1,17;1,26;1,49;1,93;0,3;17,78;0;18.0;18.1;18.2;18.3;18.4;18.5
0,85;8;0,98;2,52;3,78;0,98;0;160;0;18.0;18.1;18.2;18.3;18.4;18.5
0,6;8;1,17;1,52;5,23;1,17;0;32;0;18.0;18.1;18.2;18.3;18.4;18.5
0,5;8;0,98;2,88;3,42;1,67;0,36;20;0;18.0;18.1;18.2;18.3;18.4;18.5
0,85;8;0,98;1,44;1,26;1,76;1,08;160;0;18.0;18.1;18.2;18.3;18.4;18.5
0,4;8;1,2;2,16;4,19;1,2;0;17,78;0;18.0;18.1;18.2;18.3;18.4;18.5
0,6;8;0,98;2,04;3,86;0,98;0;26,67;0;18.0;18.1;18.2;18.3;18.4;18.5
0,4;8;0,93;2;5,15;1,44;0,4;17,78;0;18.0;18.1;18.2;18.3;18.4;18.5
0,55;8;1,17;3,6;3,55;1,17;0;26,67;0;18.0;18.1;18.2;18.3;18.4;18.5
0,5;8;0,98;3,22;5,08;1,67;0,92;20;0;18.0;18.1;18.2;18.3;18.4;18.5
0,8;8;0,98;4,5;4,6;0,98;0;80;0;18.0;18.1;18.2;18.3;18.4;18.5
0,75;8;1,06;2,94;4,56;2,01;0,84;53,33;0;18.0;18.1;18.2;18.3;18.4;18.5
0,6;8;0,98;2,88;3,42;2,16;0,36;26,67;0;18.0;18.1;18.2;18.3;18.4;18.5
0,85;8;1,14;1,6;1,5;1,65;0,3;160;0;18.0;18.1;18.2;18.3;18.4;18.5
0,65;8;1,09;2,76;5,59;2,07;0,46;40;0;18.0;18.1;18.2;18.3;18.4;18.5
0,45;8;1,06;2,28;4,42;1,06;0;17,78;0;18.0;18.1;18.2;18.3;18.4;18.5
0,85;8;0,98;2,72;3,18;1,62;1,02;160;0;18.0;18.1;18.2;18.3;18.4;18.5
0,85;8;0,98;3,04;3,66;2,06;1,9;160;0;18.0;18.1;18.2;18.3;18.4;18.5
0,35;8;0,85;2,38;3,57;1,36;1,02;16;3,4;18.0;18.1;18.2;18.3;18.4;18.5
0,6;8;1,09;3,36;4,19;1,69;0,84;32;0;18.0;18.1;18.2;18.3;18.4;18.5
0,65;8;0,98;2,72;3,18;1,62;1,02;32;0;18.0;18.1;18.2;18.3;18.4;18.5
0,6;8;0,98;4;5,1;1,32;0,5;26,67;0;18.0;18.1;18.2;18.3;18.4;18.5
0,35;8;1,14;1,44;1,26;1,14;0;14,55;0;18.0;18.1;18.2;18.3;18.4;18.5
0,8;8;0,98;2,52;4,98;2,06;0,84;80;0;18.0;18.1;18.2;18.3;18.4;18.5
0,8;8;1,06;1,44;1,26;1,96;0,3;80;0;18.0;18.1;18.2;18.3;18.4;18.5
0,6;8;1,2;1,2;1,9;1,2;0;26,67;0;18.0;18.1;18.2;18.3;18.4;18.5
0,5;8;1,14;3,22;5,08;1,14;0;20;0;18.0;18.1;18.2;18.3;18.4;18.5
0,85;8;1,06;1,62;1,08;1,7;0,66;160;0;18.0;18.1;18.2;18.3;18.4;18.5
0,85;8;0,85;2;5,15;1,36;0,4;0;3,2;18.0;18.1;18.2;18.3;18.4;18.5
0,4;8;0,93;3,36;4,19;0,93;0;17,78;0;18.0;18.1;18.2;18.3;18.4;18.5
0,6;8;1,09;1,44;1,31;1,64;0,84;32;0;18.0;18.1;18.2;18.3;18.4;18.5
0,8;8;1,06;2,76;5,54;1,06;0;80;0;18.0;18.1;18.2;18.3;18.4;18.5
0,6;8;1,2;0,9;1,85;1,92;0,48;32;0;18.0;18.1;18.2;18.3;18.4;18.5
0,7;8;1,17;1,26;1,49;2,16;0,66;53,33;0;18.0;18.1;18.2;18.3;18.4;18.5
0,5;8;0,98;4;5,1;2,01;0,5;20;0;18.0;18.1;18.2;18.3;18.4;18.5
0,7;8;0,98;2,64;5,26;1,96;0,88;40;0;18.0;18.1;18.2;18.3;18.4;18.5
0,55;8;0,9;1,44;1,26;1,62;0,84;22,86;0;18.0;18.1;18.2;18.3;18.4;18.5
0,35;8;1,2;3,22;5,08;1,92;1,38;14,55;0;18.0;18.1;18.2;18.3;18.4;18.5
0,55;8;1,17;2,1;3,05;1,81;0,9;26,67;0;18.0;18.1;18.2;18.3;18.4;18.5
0,65;8;1,2;1,26;1,49;1,98;0,48;40;0;18.0;18.1;18.2;18.3;18.4;18.5
0,85;8;0,98;2,5;6,6;1,76;1;160;0;18.0;18.1;18.2;18.3;18.4;18.5
0,85;8;0,98;2,4;6,3;1,96;0,48;160;0;18.0;18.1;18.2;18.3;18.4;18.5
0,45;8;1,2;4,32;4,48;1,98;1,44;22,86;0;18.0;18.1;18.2;18.3;18.4;18.5
0,35;8;0,98;2,34;1,96;1,67;0,3;14,55;0;18.0;18.1;18.2;18.3;18.4;18.5
0,7;8;1,17;1,08;1,67;1,17;0;53,33;0;18.0;18.1;18.2;18.3;18.4;18.5
0,75;8;0,85;2,04;3,91;1,44;1,02;80;0;18.0;18.1;18.2;18.3;18.4;18.5
0,4;8;0,85;0,72;2,03;1,32;1,08;17,78;0;18.0;18.1;18.2;18.3;18.4;18.5
0,45;8;0,93;3,22;5,13;2;2,76;20;0;18.0;18.1;18.2;18.3;18.4;18.5
0,65;8;0,85;1,44;4,91;1,32;1,08;40;4,32;18.0;18.1;18.2;18.3;18.4;18.5
0,4;8;1,2;1,8;1,3;1,2;0;16;0;18.0;18.1;18.2;18.3;18.4;18.5
0,75;8;0,85;1;2,15;1,83;0,3;80;0;18.0;18.1;18.2;18.3;18.4;18.5
0,4;8;1,06;1;2,1;1,7;0,3;16;0;18.0;18.1;18.2;18.3;18.4;18.5
0,8;8;0,88;2,4;6,4;1,63;2,4;0;0;18.0;18.1;18.2;18.3;18.4;18.5
0,4;8;1,2;1,44;1,26;1,92;0,48;16;0;18.0;18.1;18.2;18.3;18.4;18.5
0,7;8;0,85;1,44;4,91;1,83;1,08;53,33;0;18.0;18.1;18.2;18.3;18.4;18.5
0,35;8;0,93;4,5;4,65;1,58;1;16;0;18.0;18.1;18.2;18.3;18.4;18.5
0,8;8;1,2;2,04;3,86;2,22;1,02;80;0;18.0;18.1;18.2;18.3;18.4;18.5
0,85;8;0,98;2,88;5,82;1,32;2,4;160;0;18.0;18.1;18.2;18.3;18.4;18.5
0,7;8;0,98;0,72;3,18;0,98;0;40;0;18.0;18.1;18.2;18.3;18.4;18.5
0,65;8;0,98;1,8;4,5;0,98;0;32;0;18.0;18.1;18.2;18.3;18.4;18.5
0,75;8;1,2;1,08;1,62;1,2;0;53,33;0;18.0;18.1;18.2;18.3;18.4;18.5
0,5;8;1,06;3,36;4,14;1,06;0;20;0;18.0;18.1;18.2;18.3;18.4;18.5
0,75;8;0,85;4,32;4,43;0,85;0;80;0;18.0;18.1;18.2;18.3;18.4;18.5
0,4;8;0,98;1,44;4,86;0,98;0;16;0;18.0;18.1;18.2;18.3;18.4;18.5
0,75;8;1,2;1,8;1,35;1,92;0,5;80;0;18.0;18.1;18.2;18.3;18.4;18.5
0,5;8;0,85;0,8;2,35;1,74;1,1;22,86;0;18.0;18.1;18.2;18.3;18.4;18.5
0,45;8;0,93;1,6;3,95;1,39;0,32;20;0;18.0;18.1;18.2;18.3;18.4;18.5
0,8;8;0,85;3,96;3,99;1,32;1,32;160;0;18.0;18.1;18.2;18.3;18.4;18.5
0,4;8;0,85;3,78;3,77;1,78;1,68;17,78;0;18.0;18.1;18.2;18.3;18.4;18.5
0,75;8;1,06;1,44;2,46;1,48;0,54;53,33;0;18.0;18.1;18.2;18.3;18.4;18.5
0,55;8;0,85;4,32;4,43;1,57;2,4;26,67;0;18.0;18.1;18.2;18.3;18.4;18.5
0,5;8;0,98;1,8;1,3;1,96;0,5;20;0;18.0;18.1;18.2;18.3;18.4;18.5
0,85;8;1,2;1,26;1,49;1,74;0,3;0;0;18.0;18.1;18.2;18.3;18.4;18.5
0,4;8;1,06;1,7;4,2;1,96;1,02;16;0;18.0;18.1;18.2;18.3;18.4;18.5
0,85;8;1,17;1,4;1,75;1,64;0,3;0;0;18.0;18.1;18.2;18.3;18.4;18.5
0,85;8;0,85;0,72;2,03;1,36;1,08;0;0;18.0;18.1;18.2;18.3;18.4;18.5
0,4;8;0,85;1,26;6,29;1,49;0,84;17,78;0;18.0;18.1;18.2;18.3;18.4;18.5
0,7;8;0,98;1,9;4,8;2,01;1,52;40;0;18.0;18.1;18.2;18.3;18.4;18.5
0,65;8;0,98;1,8;4,5;0,98;0;32;0;18.0;18.1;18.2;18.3;18.4;18.5
0,35;8;0,85;1,14;5,61;0,85;0;16;0;18.0;18.1;18.2;18.3;18.4;18.5
0,8;8;1,14;2,24;3,26;1,14;0;80;0;18.0;18.1;18.2;18.3;18.4;18.5
0,4;8;1,09;2,88;5,87;1,09;0;17,78;0;18.0;18.1;18.2;18.3;18.4;18.5
0,4;8;0,98;1,8;3,3;1,91;0,6;16;0;18.0;18.1;18.2;18.3;18.4;18.5
0,35;8;0,9;2,52;4,98;1,53;1,26;14,55;0;18.0;18.1;18.2;18.3;18.4;18.5
0,75;8;0,98;3,68;4,62;0,98;0;53,33;0;18.0;18.1;18.2;18.3;18.4;18.5
0,55;8;0,98;0,54;2,16;1,96;0,3;22,86;0;18.0;18.1;18.2;18.3;18.4;18.5
0,85;8;0,98;2,66;4,04;0,98;0;160;0;18.0;18.1;18.2;18.3;18.4;18.5
0,75;8;0,9;4,5;4,6;1,62;2,5;53,33;0;18.0;18.1;18.2;18.3;18.4;18.5
0,5;8;1,14;2,4;6,3;1,14;0;20;0;18.0;18.1;18.2;18.3;18.4;18.5
0,35;8;0,9;1,44;4,86;0,9;0;14,55;0;18.0;18.1;18.2;18.3;18.4;18.5
0,85;8;0,85;3,52;4,43;1,49;0,44;0;0;18.0;18.1;18.2;18.3;18.4;18.5
0,5;8;0,9;1,8;4,5;1,76;0,72;20;0;18.0;18.1;18.2;18.3;18.4;18.5
0,45;8;0,85;4,14;4,21;0,85;0;20;0;18.0;18.1;18.2;18.3;18.4;18.5
0,75;8;0,98;1,2;1,9;1,96;0,5;53,33;0;18.0;18.1;18.2;18.3;18.4;18.5
0,85;8;1,09;3,04;3,71;1,85;0,76;0;0;18.0;18.1;18.2;18.3;18.4;18.5
0,65;8;0,98;1,8;4,5;0,98;0;32;0;18.0;18.1;18.2;18.3;18.4;18.5
0,75;8;1,09;1,44;1,31;2,02;1,02;80;0;18.0;18.1;18.2;18.3;18.4;18.5
0,55;8;1,2;1,6;1,5;2,28;0,9;22,86;0;18.0;18.1;18.2;18.3;18.4;18.5
0,8;8;0,98;2,88;2,62;1,86;0,96;80;0;18.0;18.1;18.2;18.3;18.4;18.5
0,55;8;1,01;1,62;1,13;1,72;0,84;26,67;0;18.0;18.1;18.2;18.3;18.4;18.5
0,8;8;0,98;1,4;3,3;1,96;0,3;80;0;18.0;18.1;18.2;18.3;18.4;18.5
0,5;8;0,98;1,44;4,86;0,98;0;20;0;18.0;18.1;18.2;18.3;18.4;18.5
0,75;8;0,98;3,08;4,82;0,98;0;53,33;0;18.0;18.1;18.2;18.3;18.4;18.5
0,35;8;1,14;2,52;2,18;1,14;0;14,55;0;18.0;18.1;18.2;18.3;18.4;18.5
0,85;8;1,14;1,62;1,08;1,65;0,3;160;0;18.0;18.1;18.2;18.3;18.4;18.5
0,7;8;0,98;1,6;3,9;1,91;0,96;40;0;18.0;18.1;18.2;18.3;18.4;18.5
0,5;8;0,98;1,62;1,08;1,67;1,02;20;0;18.0;18.1;18.2;18.3;18.4;18.5
0,35;8;0,98;1,52;5,18;0,98;0;14,55;0;18.0;18.1;18.2;18.3;18.4;18.5
0,35;8;0,93;1,32;2,23;1,91;0,74;16;0;18.0;18.1;18.2;18.3;18.4;18.5
0,85;8;1,17;0,9;1,85;2,05;1,02;0;0;18.0;18.1;18.2;18.3;18.4;18.5
0,65;8;1,06;1,32;2,18;1,06;0;32;0;18.0;18.1;18.2;18.3;18.4;18.5
0,85;8;1,2;0,72;1,98;1,2;0;160;0;18.0;18.1;18.2;18.3;18.4;18.5
0,8;8;0,98;3,04;3,66;1,72;1,52;80;0;18.0;18.1;18.2;18.3;18.4;18.5
0,85;8;0,98;0,6;2,5;1,76;1,2;160;0;18.0;18.1;18.2;18.3;18.4;18.5
0,65;8;0,9;1,28;4,22;1,76;0,96;32;0;18.0;18.1;18.2;18.3;18.4;18.5
0,7;8;1,17;1,44;1,31;1,93;1,02;53,33;0;18.0;18.1;18.2;18.3;18.4;18.5
0,75;8;0,98;1,4;3,3;0,98;0;53,33;0;18.0;18.1;18.2;18.3;18.4;18.5
0,6;8;0,98;2,52;4,98;0,98;0;26,67;0;18.0;18.1;18.2;18.3;18.4;18.5
0,65;8;0,85;4,14;4,21;1,36;1,84;40;0;18.0;18.1;18.2;18.3;18.4;18.5
0,5;8;0,85;3,22;5,13;0,85;0;22,86;0;18.0;18.1;18.2;18.3;18.4;18.5
0,5;8;1,14;1,44;1,26;1,99;0,84;20;0;18.0;18.1;18.2;18.3;18.4;18.5
0,7;8;0,85;2,88;5,87;1,57;2,88;53,33;0;18.0;18.1;18.2;18.3;18.4;18.5
0,9;8;0,98;0,96;4,54;0,98;0;0;0;18.0;18.1;18.2;18.3;18.4;18.5
0,85;8;0,98;1,6;3,9;0,98;0;160;0;18.0;18.1;18.2;18.3;18.4;18.5
0,6;8;1,09;1,44;1,31;2,23;0,84;32;0;18.0;18.1;18.2;18.3;18.4;18.5
0,5;8;0,98;3,22;5,08;1,72;1,84;20;0;18.0;18.1;18.2;18.3;18.4;18.5
0,35;8;0,98;1,92;3,58;0,98;0;14,55;0;18.0;18.1;18.2;18.3;18.4;18.5
0,85;8;1,06;2,4;6,3;1,06;0;160;0;18.0;18.1;18.2;18.3;18.4;18.5
0,55;8;1,09;1,8;3,35;1,53;0,9;26,67;0;18.0;18.1;18.2;18.3;18.4;18.5
0,55;8;1,17;2,88;5,87;1,17;0;26,67;0;18.0;18.1;18.2;18.3;18.4;18.5
0,65;8;1,2;2,4;4,75;1,2;0;40;0;18.0;18.1;18.2;18.3;18.4;18.5
0,6;8;0,98;2,88;5,82;0,98;0;26,67;0;18.0;18.1;18.2;18.3;18.4;18.5
0,35;8;0,93;2,88;5,87;0,93;0;16;0;18.0;18.1;18.2;18.3;18.4;18.5
0,55;8;0,9;3,68;4,62;1,62;1,38;22,86;0;18.0;18.1;18.2;18.3;18.4;18.5
0,65;8;1,01;1,54;2,01;1,52;0,52;40;0;18.0;18.1;18.2;18.3;18.4;18.5
0,35;8;0,85;1,4;3,35;1,36;0,86;16;0,28;18.0;18.1;18.2;18.3;18.4;18.5
0,5;8;1,01;3,52;4,43;1,52;2,64;22,86;0;18.0;18.1;18.2;18.3;18.4;18.5
0,7;8;0,85;2,66;4,09;1,19;0,76;53,33;0;18.0;18.1;18.2;18.3;18.4;18.5
0,65;8;0,93;1,26;1,49;1,91;0,3;40;0;18.0;18.1;18.2;18.3;18.4;18.5
0,65;8;1,17;2,34;2,01;1,81;0,3;40;0;18.0;18.1;18.2;18.3;18.4;18.5
0,75;8;0,93;2,5;6,65;1,44;3;80;0;18.0;18.1;18.2;18.3;18.4;18.5
0,75;8;1,2;1,92;1,98;1,2;0;53,33;0;18.0;18.1;18.2;18.3;18.4;18.5
0,45;8;1,2;1,62;1,13;2,16;1,02;20;0;18.0;18.1;18.2;18.3;18.4;18.5
0,5;8;1,09;1,08;1,67;2,07;1,02;22,86;0;18.0;18.1;18.2;18.3;18.4;18.5
0,65;8;0,93;3,52;4,43;1,44;2,2;40;0;18.0;18.1;18.2;18.3;18.4;18.5
0,6;8;0,93;4;5,15;0,93;0;32;0;18.0;18.1;18.2;18.3;18.4;18.5
0,85;8;0,9;1,44;1,26;1,76;1,02;160;0;18.0;18.1;18.2;18.3;18.4;18.5
0,65;8;1,06;1,6;3,9;1,06;0;32;0;18.0;18.1;18.2;18.3;18.4;18.5
0,4;8;0,93;1,8;4,55;1,44;1,08;17,78;0;18.0;18.1;18.2;18.3;18.4;18.5
0,5;8;0,98;1,44;1,26;1,96;0,3;20;0;18.0;18.1;18.2;18.3;18.4;18.5
0,7;8;0,85;2,76;5,59;1,83;2,76;53,33;0;18.0;18.1;18.2;18.3;18.4;18.5
0,85;8;1,17;1,8;1,35;1,81;0,3;0;0;18.0;18.1;18.2;18.3;18.4;18.5
0,4;8;0,85;0,9;1,85;1,78;0,3;17,78;0;18.0;18.1;18.2;18.3;18.4;18.5
0,5;8;1,14;1,44;1,26;2,05;1,02;20;0;18.0;18.1;18.2;18.3;18.4;18.5
0,75;8;0,98;1,44;1,26;2,06;1,02;53,33;0;18.0;18.1;18.2;18.3;18.4;18.5
0,75;8;0,85;0,9;1,85;1,61;1,08;80;0;18.0;18.1;18.2;18.3;18.4;18.5
0,8;8;1,17;1,62;1,13;1,64;0,66;160;0;18.0;18.1;18.2;18.3;18.4;18.5
0,85;8;1,2;3,36;4,14;1,62;0,84;160;0;18.0;18.1;18.2;18.3;18.4;18.5
0,5;8;0,96;1,52;5,28;1,68;0,76;26,67;0;18.0;18.1;18.2;18.3;18.4;18.5
0,6;8;0,98;2,52;4,98;0,98;0;26,67;0;18.0;18.1;18.2;18.3;18.4;18.5
0,75;8;1,2;0,8;2,35;1,62;1,2;80;0;18.0;18.1;18.2;18.3;18.4;18.5
0,8;8;0,85;3,22;5,13;0,85;0;160;0;18.0;18.1;18.2;18.3;18.4;18.5
0,4;8;0,93;2,1;5,45;0,93;0;17,78;0;18.0;18.1;18.2;18.3;18.4;18.5
0,35;8;0,93;1,44;1,31;1,91;0,3;16;0;18.0;18.1;18.2;18.3;18.4;18.5
0,5;8;0,93;3,36;4,19;0,93;0;22,86;0;18.0;18.1;18.2;18.3;18.4;18.5
0,4;8;0,9;1,7;4,2;1,62;1,02;16;0;18.0;18.1;18.2;18.3;18.4;18.5
0,85;8;0,93;2,52;3,83;1,95;1,8;0;0;18.0;18.1;18.2;18.3;18.4;18.5
0,8;8;0,9;3,96;3,94;1,58;0,44;80;0;18.0;18.1;18.2;18.3;18.4;18.5
0,5;8;1,14;0,96;2,94;1,14;0;20;0;18.0;18.1;18.2;18.3;18.4;18.5
0,45;8;0,98;1,52;5,18;2,01;0,76;17,78;0;18.0;18.1;18.2;18.3;18.4;18.5
0,6;8;0,93;2,4;4,75;0,93;0;32;0;18.0;18.1;18.2;18.3;18.4;18.5
0,85;8;0,98;2,24;2,46;1,42;0,58;160;0;18.0;18.1;18.2;18.3;18.4;18.5
0,85;8;1,06;1,8;3,3;2,28;1,5;160;0;18.0;18.1;18.2;18.3;18.4;18.5
0,55;8;0,98;1,8;3,3;0,98;0;22,86;0;18.0;18.1;18.2;18.3;18.4;18.5
0,45;8;1,14;0,8;2,3;1,14;0;17,78;0;18.0;18.1;18.2;18.3;18.4;18.5
0,6;8;0,98;2,88;5,82;0,98;0;26,67;0;18.0;18.1;18.2;18.3;18.4;18.5
0,4;8;1,09;1,8;1,35;2,07;0,3;17,78;0;18.0;18.1;18.2;18.3;18.4;18.5
0,85;8;0,85;0,9;1,85;1,83;0,3;0;0;18.0;18.1;18.2;18.3;18.4;18.5
0,65;8;0,85;1,44;4,91;1,83;1,08;40;0;18.0;18.1;18.2;18.3;18.4;18.5
0,75;8;0,98;1,8;3,3;0,98;0;53,33;0;18.0;18.1;18.2;18.3;18.4;18.5
0,8;8;0,98;3,36;4,14;0,98;0;80;0;18.0;18.1;18.2;18.3;18.4;18.5
0,8;8;1,01;1,08;1,67;1,62;1,02;160;0;18.0;18.1;18.2;18.3;18.4;18.5
0,5;8;1,17;1,44;2,51;1,17;0;22,86;0;18.0;18.1;18.2;18.3;18.4;18.5
0,85;8;0,93;1,8;1,35;1,91;0,9;0;0;18.0;18.1;18.2;18.3;18.4;18.5
0,5;8;1,09;1,44;2,51;1,69;1,02;22,86;0;18.0;18.1;18.2;18.3;18.4;18.5
0,75;8;1,14;1,08;1,62;2,17;0,66;53,33;0;18.0;18.1;18.2;18.3;18.4;18.5
0,75;8;0,98;3,2;3,9;2,01;2;53,33;0;18.0;18.1;18.2;18.3;18.4;18.5
0,4;8;0,9;1,8;1,3;1,44;0,9;16;0;18.0;18.1;18.2;18.3;18.4;18.5
0,65;8;0,85;1,8;3,35;1,32;1,2;40;0;18.0;18.1;18.2;18.3;18.4;18.5
0,35;8;0,93;1,7;4,25;1,91;1,02;16;0;18.0;18.1;18.2;18.3;18.4;18.5
0,55;8;0,85;3,22;5,13;0,85;0;26,67;0;18.0;18.1;18.2;18.3;18.4;18.5
0,8;8;0,98;3,22;5,08;1,42;1,84;80;0;18.0;18.1;18.2;18.3;18.4;18.5
0,5;8;0,93;2,72;3,23;1,91;1,02;22,86;0;18.0;18.1;18.2;18.3;18.4;18.5
0,55;8;0,98;0,9;1,8;1,52;0,84;22,86;0;18.0;18.1;18.2;18.3;18.4;18.5
0,8;8;0,98;2,94;4,56;0,98;0;80;0;18.0;18.1;18.2;18.3;18.4;18.5
0,4;8;0,85;2,66;4,09;1,36;1,9;17,78;0;18.0;18.1;18.2;18.3;18.4;18.5
0,85;8;1,01;1,8;1,35;2,22;0,9;0;0;18.0;18.1;18.2;18.3;18.4;18.5
0,8;8;0,98;2,88;2,62;0,98;0;80;0;18.0;18.1;18.2;18.3;18.4;18.5
0,4;8;0,85;2,38;3,57;1,57;1,02;17,78;0;18.0;18.1;18.2;18.3;18.4;18.5
0,75;8;1,17;1,2;1,95;1,17;0;80;0;18.0;18.1;18.2;18.3;18.4;18.5
0,85;8;0,98;1,44;4,86;2,01;1,44;160;0;18.0;18.1;18.2;18.3;18.4;18.5
0,75;8;0,85;1,44;4,91;1,32;1,08;80;0;18.0;18.1;18.2;18.3;18.4;18.5
0,35;8;1,2;0,72;2,03;1,8;1,02;16;0;18.0;18.1;18.2;18.3;18.4;18.5
0,35;8;0,85;4;5,15;1,57;2;16;0;18.0;18.1;18.2;18.3;18.4;18.5
0,45;8;1,2;0,72;2,03;1,56;1,08;20;0;18.0;18.1;18.2;18.3;18.4;18.5
0,5;8;0,98;1,7;4,2;1,57;1,02;20;0;18.0;18.1;18.2;18.3;18.4;18.5
0,45;8;1,09;1,44;1,31;1,58;1,02;20;0;18.0;18.1;18.2;18.3;18.4;18.5
0,8;8;0,98;1,7;4,2;0,98;0;80;0;18.0;18.1;18.2;18.3;18.4;18.5
0,5;8;0,85;3,6;3,55;1,27;2,4;22,86;0;18.0;18.1;18.2;18.3;18.4;18.5
0,55;8;1,17;1,44;1,31;1,17;0;26,67;0;18.0;18.1;18.2;18.3;18.4;18.5
0,7;8;1,06;2,88;3,42;1,38;0,36;40;0;18.0;18.1;18.2;18.3;18.4;18.5
0,35;8;1,2;1,6;1,55;1,5;0,5;16;0;18.0;18.1;18.2;18.3;18.4;18.5
0,85;8;0,98;3,04;3,66;0,98;0;160;0;18.0;18.1;18.2;18.3;18.4;18.5
0,45;8;1,2;1,44;1,26;1,2;0;17,78;0;18.0;18.1;18.2;18.3;18.4;18.5
0,35;8;1,2;1,4;1,75;1,92;0,5;16;0;18.0;18.1;18.2;18.3;18.4;18.5
0,45;8;1,2;1;2,1;1,5;0,5;17,78;0;18.0;18.1;18.2;18.3;18.4;18.5
0,85;8;0,85;2,52;5,03;0,85;0;0;0;18.0;18.1;18.2;18.3;18.4;18.5
0,7;8;0,98;3,22;5,08;0,98;0;40;0;18.0;18.1;18.2;18.3;18.4;18.5
0,4;8;0,85;4,32;4,43;1,15;0,96;17,78;0;18.0;18.1;18.2;18.3;18.4;18.5
0,75;8;0,93;1,26;1,49;1,44;1,08;80;0;18.0;18.1;18.2;18.3;18.4;18.5
0,4;8;1,01;3,06;2,89;2,02;1,02;17,78;0;18.0;18.1;18.2;18.3;18.4;18.5
0,55;8;1,01;2,88;2,67;1,52;1,92;26,67;0;18.0;18.1;18.2;18.3;18.4;18.5
0,7;8;1,14;1,26;1,44;1,48;1,08;40;0;18.0;18.1;18.2;18.3;18.4;18.5
0,65;8;0,9;2,4;4,7;1,53;1,6;32;0;18.0;18.1;18.2;18.3;18.4;18.5
0,55;8;1,2;1,2;1,95;1,8;0,9;26,67;0;18.0;18.1;18.2;18.3;18.4;18.5
0,5;8;1,2;1,8;1,35;1,92;0,9;22,86;0;18.0;18.1;18.2;18.3;18.4;18.5
0,35;8;1,17;1,32;2,23;1,17;0;16;0;18.0;18.1;18.2;18.3;18.4;18.5
0,7;8;1,14;1,6;1,5;1,14;0;40;0;18.0;18.1;18.2;18.3;18.4;18.5
0,4;8;0,93;1,7;4,25;2;1,02;17,78;0;18.0;18.1;18.2;18.3;18.4;18.5
0,55;8;1,2;0,9;1,8;1,2;0;22,86;0;18.0;18.1;18.2;18.3;18.4;18.5
0,4;8;0,98;3,36;4,14;0,98;0;16;0;18.0;18.1;18.2;18.3;18.4;18.5
0,55;8;1,01;1,04;3,31;1,77;1,08;26,67;0;18.0;18.1;18.2;18.3;18.4;18.5
0,6;8;1,06;1,8;3,3;1,96;0,9;26,67;0;18.0;18.1;18.2;18.3;18.4;18.5
0,4;8;0,98;0,8;2,3;2,01;0,5;16;0;18.0;18.1;18.2;18.3;18.4;18.5
0,5;8;1,2;1,68;2,22;1,2;0;20;0;18.0;18.1;18.2;18.3;18.4;18.5
0,75;8;0,98;1,08;1,62;1,81;0,3;53,33;0;18.0;18.1;18.2;18.3;18.4;18.5
0,55;8;0,85;1,44;2,51;1,32;0,78;26,67;0;18.0;18.1;18.2;18.3;18.4;18.5
0,85;8;1,17;0,9;1,85;2,11;0,3;0;0;18.0;18.1;18.2;18.3;18.4;18.5
0,55;8;0,85;2,04;3,91;1,74;1,02;26,67;0;18.0;18.1;18.2;18.3;18.4;18.5
0,45;8;0,98;3,2;3,9;1,42;1,2;17,78;0;18.0;18.1;18.2;18.3;18.4;18.5
0,5;8;0,85;3,08;4,87;1,83;1,76;22,86;0;18.0;18.1;18.2;18.3;18.4;18.5
0,4;8;0,98;1,6;1,5;1,86;0,9;16;0;18.0;18.1;18.2;18.3;18.4;18.5
0,75;8;1,2;1,44;2,51;1,86;1,02;80;0;18.0;18.1;18.2;18.3;18.4;18.5
0,55;8;0,9;2,24;3,26;0,9;0;22,86;0;18.0;18.1;18.2;18.3;18.4;18.5
0,75;8;0,98;1,7;4,2;0,98;0;53,33;0;18.0;18.1;18.2;18.3;18.4;18.5
0,7;8;0,85;1,8;4,55;1,23;1,08;53,33;0;18.0;18.1;18.2;18.3;18.4;18.5
0,75;8;0,9;2,4;6,3;0,9;0;53,33;0;18.0;18.1;18.2;18.3;18.4;18.5
0,75;8;0,85;0,84;3,91;0,85;0;80;0;18.0;18.1;18.2;18.3;18.4;18.5
0,75;8;0,85;2,04;3,91;1,19;0,68;80;0;18.0;18.1;18.2;18.3;18.4;18.5
0,4;8;1,01;1,8;1,35;1,87;0,7;17,78;0;18.0;18.1;18.2;18.3;18.4;18.5
0,35;8;1,09;0,72;2,03;1,85;0,3;16;0;18.0;18.1;18.2;18.3;18.4;18.5
0,5;8;1,14;0,8;2,3;1,14;0;20;0;18.0;18.1;18.2;18.3;18.4;18.5
0,5;8;1,14;1,26;1,44;1,99;1,08;20;0;18.0;18.1;18.2;18.3;18.4;18.5
0,45;8;1,2;0,9;1,85;1,74;0,84;20;0;18.0;18.1;18.2;18.3;18.4;18.5
0,75;8;1,14;0,9;1,8;1,14;0;53,33;0;18.0;18.1;18.2;18.3;18.4;18.5
0,7;8;0,93;1,7;4,25;0,93;0;53,33;0;18.0;18.1;18.2;18.3;18.4;18.5
0,7;8;0,85;1,44;4,91;1,74;0,36;53,33;0;18.0;18.1;18.2;18.3;18.4;18.5
0,35;8;0,85;2,88;3,47;0,85;0;16;0;18.0;18.1;18.2;18.3;18.4;18.5
0,85;8;0,9;2,72;3,18;0,9;0;160;0;18.0;18.1;18.2;18.3;18.4;18.5
0,55;8;1,01;1,44;1,31;1,72;0,84;26,67;0;18.0;18.1;18.2;18.3;18.4;18.5
0,4;8;1,17;1,44;1,31;1,17;0;17,78;0;18.0;18.1;18.2;18.3;18.4;18.5
0,35;8;0,98;1,2;1,9;1,37;0,5;14,55;0;18.0;18.1;18.2;18.3;18.4;18.5
0,75;8;0,98;1,8;3,3;2,16;0,3;53,33;0;18.0;18.1;18.2;18.3;18.4;18.5
0,65;8;0,98;1,08;1,62;1,96;0,3;32;0;18.0;18.1;18.2;18.3;18.4;18.5
0,75;8;0,85;1,9;4,85;0,85;0;80;0;18.0;18.1;18.2;18.3;18.4;18.5
0,8;8;0,85;2,04;3,91;1,15;1,02;160;3,74;18.0;18.1;18.2;18.3;18.4;18.5
0,45;8;0,85;2,04;3,91;1,57;1,02;20;0;18.0;18.1;18.2;18.3;18.4;18.5
0,8;8;1,09;1,62;1,13;1,85;0,3;160;0;18.0;18.1;18.2;18.3;18.4;18.5
0,6;8;1,2;0,72;2,03;1,2;0;32;0;18.0;18.1;18.2;18.3;18.4;18.5
0,7;8;1,17;1,44;1,31;1,81;0,3;53,33;0;18.0;18.1;18.2;18.3;18.4;18.5
0,75;8;0,85;0,66;2,89;1,83;0,3;80;0;18.0;18.1;18.2;18.3;18.4;18.5
0,85;8;1,06;1,44;1,26;1,7;0,66;160;0;18.0;18.1;18.2;18.3;18.4;18.5
0,65;8;1,2;1,44;2,46;1,2;0;32;0;18.0;18.1;18.2;18.3;18.4;18.5
0,45;8;0,85;3,06;2,89;1,74;1,02;20;0;18.0;18.1;18.2;18.3;18.4;18.5
0,55;8;1,14;1,2;2,7;1,14;0;22,86;0;18.0;18.1;18.2;18.3;18.4;18.5
0,75;8;1,2;1,08;1,62;1,74;0,66;53,33;0;18.0;18.1;18.2;18.3;18.4;18.5
0,9;8;0,98;1,44;1,26;1,57;1,08;0;0;18.0;18.1;18.2;18.3;18.4;18.5
0,8;8;0,98;1,2;3,9;0,98;0;80;0;18.0;18.1;18.2;18.3;18.4;18.5
0,85;8;0,93;2,4;2,75;1,44;1,5;0;0;18.0;18.1;18.2;18.3;18.4;18.5
0,45;8;0,85;3,08;4,87;1,36;1,76;20;0;18.0;18.1;18.2;18.3;18.4;18.5
0,8;8;0,93;2,66;4,09;1,44;1,9;160;0;18.0;18.1;18.2;18.3;18.4;18.5
0,65;8;1,06;1,44;1,26;1,7;0,48;32;0;18.0;18.1;18.2;18.3;18.4;18.5
0,75;8;1,09;1,62;1,13;2,4;0,3;80;0;18.0;18.1;18.2;18.3;18.4;18.5
0,5;8;0,9;1,8;3,3;1,76;0,3;20;0;18.0;18.1;18.2;18.3;18.4;18.5
0,5;8;0,93;1,44;1,31;1,53;1,02;22,86;0;18.0;18.1;18.2;18.3;18.4;18.5
0,85;8;0,85;1,44;4,91;1,32;1,08;0;0;18.0;18.1;18.2;18.3;18.4;18.5
0,8;8;0,98;2,88;3,42;1,47;0,36;80;0;18.0;18.1;18.2;18.3;18.4;18.5
0,5;8;1,14;1,44;1,26;1,14;0;20;0;18.0;18.1;18.2;18.3;18.4;18.5
0,85;8;0,98;1,44;1,26;1,52;1,08;160;0;18.0;18.1;18.2;18.3;18.4;18.5
0,8;8;1,09;1,44;1,31;1,53;0,66;160;0;18.0;18.1;18.2;18.3;18.4;18.5
0,65;8;0,93;1,04;3,31;1,91;0,3;40;0;18.0;18.1;18.2;18.3;18.4;18.5
0,75;8;1,2;1,08;1,67;1,92;0,3;80;0;18.0;18.1;18.2;18.3;18.4;18.5
0,75;8;1,2;0,9;1,8;1,2;0;53,33;0;18.0;18.1;18.2;18.3;18.4;18.5
0,55;8;0,98;1,44;1,26;1,67;0,3;22,86;0;18.0;18.1;18.2;18.3;18.4;18.5
0,9;8;0,98;1,2;1,9;1,37;0,3;0;0,2;18.0;18.1;18.2;18.3;18.4;18.5
0,4;8;0,98;1,4;1,7;1,57;0,9;16;0;18.0;18.1;18.2;18.3;18.4;18.5
0,65;8;1,2;1,6;1,5;1,92;0,9;32;0;18.0;18.1;18.2;18.3;18.4;18.5
0,8;8;1,2;1,44;1,26;1,62;1,02;80;0;18.0;18.1;18.2;18.3;18.4;18.5
0,35;8;1,2;1,44;1,26;1,92;0,84;14,55;0;18.0;18.1;18.2;18.3;18.4;18.5
0,75;8;0,98;1,4;3,3;0,98;0;53,33;0;18.0;18.1;18.2;18.3;18.4;18.5
0,85;8;1,17;1,4;1,75;1,17;0;0;0;18.0;18.1;18.2;18.3;18.4;18.5
0,75;8;0,98;1,44;2,46;0,98;0;53,33;0;18.0;18.1;18.2;18.3;18.4;18.5
0,35;8;0,98;2,28;4,42;1,67;1,14;14,55;0;18.0;18.1;18.2;18.3;18.4;18.5
0,75;8;0,93;1,8;3,35;1,91;1,5;80;0;18.0;18.1;18.2;18.3;18.4;18.5
0,85;8;1,06;1,26;1,44;2,17;1,02;160;0;18.0;18.1;18.2;18.3;18.4;18.5
0,5;8;1,09;1,44;1,31;2,34;0,3;22,86;0;18.0;18.1;18.2;18.3;18.4;18.5
0,6;8;1,17;1,44;1,31;1,17;0;32;0;18.0;18.1;18.2;18.3;18.4;18.5
0,35;8;0,85;3,6;3,55;0,85;0;16;0;18.0;18.1;18.2;18.3;18.4;18.5
0,85;8;0,93;0,72;2,03;1,91;0,66;0;0;18.0;18.1;18.2;18.3;18.4;18.5
0,8;8;0,98;0,88;2,62;2,01;0,96;80;0;18.0;18.1;18.2;18.3;18.4;18.5
0,5;8;0,98;2,88;5,82;0,98;0;20;0;18.0;18.1;18.2;18.3;18.4;18.5
0,55;8;0,93;0,72;2,03;1,91;0,3;26,67;0;18.0;18.1;18.2;18.3;18.4;18.5
0,65;8;1,2;1,44;2,46;1,2;0;32;0;18.0;18.1;18.2;18.3;18.4;18.5
0,8;8;0,85;3,04;3,71;1,23;0,76;160;0;18.0;18.1;18.2;18.3;18.4;18.5
0,35;8;0,98;0,72;1,98;1,96;0,66;14,55;0;18.0;18.1;18.2;18.3;18.4;18.5
0,6;8;0,85;0,96;2,99;1,74;0,3;32;0;18.0;18.1;18.2;18.3;18.4;18.5
0,65;8;0,93;0,6;2,55;1,91;0,3;40;0;18.0;18.1;18.2;18.3;18.4;18.5
0,85;8;1,14;1,44;1,26;2,17;0,84;160;0;18.0;18.1;18.2;18.3;18.4;18.5
0,85;8;1,06;0,54;2,16;1,06;0;160;0;18.0;18.1;18.2;18.3;18.4;18.5
0,45;8;0,85;0,54;2,21;1,44;1,02;20;0;18.0;18.1;18.2;18.3;18.4;18.5
0,8;8;0,93;0,9;1,85;1,44;0,84;160;0;18.0;18.1;18.2;18.3;18.4;18.5
0,5;8;0,98;1,44;2,46;1,81;1,02;20;0;18.0;18.1;18.2;18.3;18.4;18.5
0,6;8;0,98;1,4;1,7;1,62;0,9;26,67;0;18.0;18.1;18.2;18.3;18.4;18.5
0,4;8;0,98;1,62;1,08;1,62;1,02;16;0;18.0;18.1;18.2;18.3;18.4;18.5
0,4;8;0,85;1,44;2,51;1,4;0,3;17,78;0;18.0;18.1;18.2;18.3;18.4;18.5
0,4;8;0,98;1,6;1,5;1,57;0,3;16;0;18.0;18.1;18.2;18.3;18.4;18.5
0,55;8;0,93;1,2;3,95;1,91;0,3;26,67;0;18.0;18.1;18.2;18.3;18.4;18.5
0,4;8;0,85;1,7;4,25;0,85;0;17,78;0;18.0;18.1;18.2;18.3;18.4;18.5
0,75;8;0,85;2,38;3,57;1,36;1,02;80;0;18.0;18.1;18.2;18.3;18.4;18.5
0,8;8;0,85;1,6;3,95;1,32;1,6;160;0;18.0;18.1;18.2;18.3;18.4;18.5
0,9;8;0,98;1,62;1,08;2,11;0,3;0;0;18.0;18.1;18.2;18.3;18.4;18.5
0,75;8;0,98;1,44;2,46;0,98;0;53,33;0;18.0;18.1;18.2;18.3;18.4;18.5
0,85;8;0,85;1,62;1,13;1,49;0,84;0;0;18.0;18.1;18.2;18.3;18.4;18.5
0,65;8;1,01;1,44;1,31;1,52;1,08;40;0;18.0;18.1;18.2;18.3;18.4;18.5
0,8;8;0,98;1,2;2,7;0,98;0;80;0;18.0;18.1;18.2;18.3;18.4;18.5
0,75;8;1,17;1,44;1,31;2,16;0,66;80;0;18.0;18.1;18.2;18.3;18.4;18.5
0,75;8;0,85;2,04;3,91;1,4;1,02;80;0;18.0;18.1;18.2;18.3;18.4;18.5
0,85;8;1,2;0,72;2,03;1,2;0;0;0;18.0;18.1;18.2;18.3;18.4;18.5
0,75;8;1,2;1,44;1,31;1,92;0,3;80;0;18.0;18.1;18.2;18.3;18.4;18.5
0,55;8;0,98;1,44;1,26;2,01;0,3;22,86;0;18.0;18.1;18.2;18.3;18.4;18.5
0,4;8;1,2;1,08;1,67;1,8;1,02;17,78;0;18.0;18.1;18.2;18.3;18.4;18.5
0,45;8;0,93;1,44;1,31;1,44;1,08;20;0;18.0;18.1;18.2;18.3;18.4;18.5
0,55;8;1,14;1,08;1,62;1,54;0,3;22,86;0;18.0;18.1;18.2;18.3;18.4;18.5
0,8;8;0,85;1,36;4,59;0,85;0;160;0;18.0;18.1;18.2;18.3;18.4;18.5
0,5;8;1,2;1,44;1,36;1,8;0,66;26,67;0;18.0;18.1;18.2;18.3;18.4;18.5
0,85;8;0,98;1,2;1,9;1,96;0,3;160;0;18.0;18.1;18.2;18.3;18.4;18.5
0,4;8;1,01;1,44;1,31;1,52;0,48;17,78;0;18.0;18.1;18.2;18.3;18.4;18.5
0,4;8;0,93;1,4;3,35;1,53;0,86;17,78;0;18.0;18.1;18.2;18.3;18.4;18.5
0,85;8;1,2;0,72;2,03;1,2;0;0;0;18.0;18.1;18.2;18.3;18.4;18.5
0,7;8;0,98;1,32;2,18;1,32;0,96;40;0;18.0;18.1;18.2;18.3;18.4;18.5
0,75;8;0,85;1,62;1,13;1,57;0,84;80;0;18.0;18.1;18.2;18.3;18.4;18.5
0,65;8;0,93;0,9;1,85;1,91;0,66;40;0;18.0;18.1;18.2;18.3;18.4;18.5
0,8;8;0,98;1,4;3,3;1,96;0,3;80;0;18.0;18.1;18.2;18.3;18.4;18.5
0,35;8;1,2;1,44;1,26;1,2;0;14,55;0;18.0;18.1;18.2;18.3;18.4;18.5
0,4;8;1,2;1,44;1,31;1,92;0,3;17,78;0;18.0;18.1;18.2;18.3;18.4;18.5
0,35;8;1,2;1,44;1,31;1,92;0,3;16;0;18.0;18.1;18.2;18.3;18.4;18.5
0,4;8;0,98;2,24;2,46;1,96;0,3;16;0;18.0;18.1;18.2;18.3;18.4;18.5
0,7;8;1,01;1,8;3,35;1,52;1,5;53,33;0;18.0;18.1;18.2;18.3;18.4;18.5
0,8;8;0,85;2,1;3,05;1,7;0,6;160;0;18.0;18.1;18.2;18.3;18.4;18.5
0,5;8;1,01;1,26;1,49;1,62;1,08;22,86;0;18.0;18.1;18.2;18.3;18.4;18.5
0,65;8;1,17;1,44;1,31;1,17;0;40;0;18.0;18.1;18.2;18.3;18.4;18.5
0,8;8;1,01;0,72;2,03;1,52;1,02;160;0;18.0;18.1;18.2;18.3;18.4;18.5
0,55;8;1,2;1,44;1,26;1,98;0,84;22,86;0;18.0;18.1;18.2;18.3;18.4;18.5
0,85;8;0,85;1,44;2,51;1,83;0,3;0;0;18.0;18.1;18.2;18.3;18.4;18.5
0,6;8;0,98;1,26;1,44;1,96;0,48;26,67;0;18.0;18.1;18.2;18.3;18.4;18.5
0,45;8;1,09;1,44;1,31;1,58;1,02;20;0;18.0;18.1;18.2;18.3;18.4;18.5
0,55;8;1,2;1,08;1,67;1,92;1,08;26,67;0;18.0;18.1;18.2;18.3;18.4;18.5
0,55;8;1,14;1,08;1,62;1,14;0;22,86;0;18.0;18.1;18.2;18.3;18.4;18.5
0,75;8;0,9;1,26;1,44;1,44;1,02;53,33;0;18.0;18.1;18.2;18.3;18.4;18.5
0,75;8;1,01;0,8;2,35;1,92;0,9;80;0;18.0;18.1;18.2;18.3;18.4;18.5
0,65;8;1,2;1,44;1,26;1,92;1,08;32;0;18.0;18.1;18.2;18.3;18.4;18.5
0,75;8;0,98;2,34;1,96;1,62;0,3;53,33;0;18.0;18.1;18.2;18.3;18.4;18.5
0,65;8;0,85;2,1;3,05;1,57;1,8;40;0;18.0;18.1;18.2;18.3;18.4;18.5
0,4;8;0,93;0,8;2,35;1,91;0,3;17,78;0;18.0;18.1;18.2;18.3;18.4;18.5
0,35;8;1,2;1,44;1,31;1,98;0,84;16;0;18.0;18.1;18.2;18.3;18.4;18.5
0,5;8;1,17;1,44;1,31;1,81;1,02;22,86;0;18.0;18.1;18.2;18.3;18.4;18.5
0,75;8;1,01;1,44;1,31;1,92;0,66;80;0;18.0;18.1;18.2;18.3;18.4;18.5
0,75;8;0,98;0,9;1,8;1,57;0,66;53,33;0;18.0;18.1;18.2;18.3;18.4;18.5
0,8;8;1,2;1,26;1,44;1,92;0,66;80;0;18.0;18.1;18.2;18.3;18.4;18.5
0,85;8;0,98;1,44;2,46;0,98;0;160;0;18.0;18.1;18.2;18.3;18.4;18.5
0,65;8;0,98;0,72;1,98;1,57;1,02;32;0;18.0;18.1;18.2;18.3;18.4;18.5
0,85;8;1,17;1,44;1,31;1,17;0;0;0;18.0;18.1;18.2;18.3;18.4;18.5
0,8;8;1,09;1,26;1,49;1,91;0,66;160;0;18.0;18.1;18.2;18.3;18.4;18.5
0,65;8;0,98;1,8;1,3;1,52;0,5;32;0;18.0;18.1;18.2;18.3;18.4;18.5
0,4;8;0,98;1,44;1,26;1,96;0,84;16;0;18.0;18.1;18.2;18.3;18.4;18.5
0,65;8;0,93;2,08;2,27;1,91;1,08;40;0;18.0;18.1;18.2;18.3;18.4;18.5
0,65;8;1,09;0,9;1,85;2,07;1,02;40;0;18.0;18.1;18.2;18.3;18.4;18.5
0,55;8;0,98;1,44;2,46;1,76;1,02;22,86;0;18.0;18.1;18.2;18.3;18.4;18.5
0,8;8;1,2;1,44;1,31;1,2;0;160;0;18.0;18.1;18.2;18.3;18.4;18.5
0,4;8;1,17;0,9;1,85;1,81;1,08;17,78;0;18.0;18.1;18.2;18.3;18.4;18.5
0,35;8;1,06;0,72;1,98;1,7;0,48;14,55;0;18.0;18.1;18.2;18.3;18.4;18.5
0,85;8;1,2;1,44;1,31;1,8;1,08;0;0;18.0;18.1;18.2;18.3;18.4;18.5
0,45;8;0,93;1,44;1,31;1,44;1,02;20;0;18.0;18.1;18.2;18.3;18.4;18.5
0,7;8;0,98;0,54;2,16;1,32;1,02;40;0;18.0;18.1;18.2;18.3;18.4;18.5
0,75;8;1,17;1,26;1,49;1,64;0,66;80;0;18.0;18.1;18.2;18.3;18.4;18.5
0,85;8;0,93;1,2;2,75;0,93;0;0;0;18.0;18.1;18.2;18.3;18.4;18.5
0,75;8;1,14;1,8;1,3;1,14;0;53,33;0;18.0;18.1;18.2;18.3;18.4;18.5
0,9;8;1,2;1,4;1,7;1,2;0;0;0;18.0;18.1;18.2;18.3;18.4;18.5
0,35;8;1,2;1,6;1,5;1,2;0;14,55;0;18.0;18.1;18.2;18.3;18.4;18.5
0,85;8;0,98;1,44;1,26;1,57;1,08;160;0;18.0;18.1;18.2;18.3;18.4;18.5
0,55;8;0,98;1,08;1,62;1,96;0,66;22,86;0;18.0;18.1;18.2;18.3;18.4;18.5
0,85;8;0,93;1,2;1,95;1,3;0,7;0;0;18.0;18.1;18.2;18.3;18.4;18.5
0,35;8;1,2;1,08;1,67;1,2;0;16;0;18.0;18.1;18.2;18.3;18.4;18.5
0,8;8;0,93;1;2,15;1,91;0,9;160;0;18.0;18.1;18.2;18.3;18.4;18.5
0,35;8;0,85;0,9;1,85;1,53;0,3;16;0;18.0;18.1;18.2;18.3;18.4;18.5
0,8;8;1,14;1,44;1,26;1,14;0;80;0;18.0;18.1;18.2;18.3;18.4;18.5
0,65;8;0,96;0,9;1,9;1,82;0,66;53,33;0;18.0;18.1;18.2;18.3;18.4;18.5
0,75;8;0,98;1,44;1,26;1,57;0,66;53,33;0;18.0;18.1;18.2;18.3;18.4;18.5
0,7;8;1,2;1,62;1,13;1,92;1,02;53,33;0;18.0;18.1;18.2;18.3;18.4;18.5
0,85;8;0,85;1,8;3,35;1,57;0,3;0;0;18.0;18.1;18.2;18.3;18.4;18.5
0,8;8;1,14;1,54;1,96;1,65;0,52;80;0;18.0;18.1;18.2;18.3;18.4;18.5
0,55;8;1,17;1,8;1,35;1,7;0,3;26,67;0;18.0;18.1;18.2;18.3;18.4;18.5
0,65;8;0,85;1,08;1,67;1,57;0,3;40;0;18.0;18.1;18.2;18.3;18.4;18.5
0,8;8;1,14;1,44;1,26;1,88;0,66;80;0;18.0;18.1;18.2;18.3;18.4;18.5
0,45;8;1,2;1,08;1,62;1,2;0;17,78;0;18.0;18.1;18.2;18.3;18.4;18.5
0,4;8;0,85;0,9;1,85;1,44;0,3;17,78;0;18.0;18.1;18.2;18.3;18.4;18.5
0,4;8;1,17;1,44;1,31;1,81;0,66;17,78;0;18.0;18.1;18.2;18.3;18.4;18.5
0,5;8;1,17;1,08;1,67;1,87;0,3;22,86;0;18.0;18.1;18.2;18.3;18.4;18.5
0,85;8;0,93;1,4;1,75;1,95;0,5;0;0;18.0;18.1;18.2;18.3;18.4;18.5
0,75;8;0,98;1,4;1,7;1,42;0,3;53,33;0;18.0;18.1;18.2;18.3;18.4;18.5
0,8;8;1,17;1,44;1,31;1,81;0,66;160;0;18.0;18.1;18.2;18.3;18.4;18.5
0,85;8;0,85;1,56;2,79;1,74;0,3;0;0;18.0;18.1;18.2;18.3;18.4;18.5
0,45;8;1,06;1,76;1,74;2,01;0,96;17,78;0;18.0;18.1;18.2;18.3;18.4;18.5
0,35;8;1,2;1,44;1,31;1,2;0;16;0;18.0;18.1;18.2;18.3;18.4;18.5
0,9;8;0,98;0,72;1,98;1,76;0,66;0;0;18.0;18.1;18.2;18.3;18.4;18.5
0,5;8;1,2;1,44;1,36;1,2;0;26,67;0;18.0;18.1;18.2;18.3;18.4;18.5
0,75;8;1,01;1;2,15;1,41;0,3;80;0;18.0;18.1;18.2;18.3;18.4;18.5
0,65;8;0,85;1,08;1,67;1,7;1,08;40;0;18.0;18.1;18.2;18.3;18.4;18.5
0,75;8;1,12;1,6;1,6;1,12;0;160;0;18.0;18.1;18.2;18.3;18.4;18.5
0,6;8;0,85;1,08;1,67;1,57;0,3;32;0;18.0;18.1;18.2;18.3;18.4;18.5
0,5;8;1,14;1,8;1,3;1,14;0;20;0;18.0;18.1;18.2;18.3;18.4;18.5
0,35;8;0,85;0,54;2,21;1,44;0,84;16;0;18.0;18.1;18.2;18.3;18.4;18.5
0,85;8;0,98;1,08;1,62;1,72;0,66;160;0;18.0;18.1;18.2;18.3;18.4;18.5
0,4;8;0,98;0,72;1,98;1,72;0,3;16;0;18.0;18.1;18.2;18.3;18.4;18.5
0,85;8;1,17;1,44;1,31;1,93;0,3;0;0;18.0;18.1;18.2;18.3;18.4;18.5
0,85;8;0,93;1,2;1,95;1,91;0,9;0;0;18.0;18.1;18.2;18.3;18.4;18.5
0,35;8;1,2;1,08;1,62;1,2;0;14,55;0;18.0;18.1;18.2;18.3;18.4;18.5
0,9;8;0,98;1,2;1,9;1,76;0,3;0;0;18.0;18.1;18.2;18.3;18.4;18.5
0,85;8;1,01;1,62;1,13;1,92;1,08;0;0;18.0;18.1;18.2;18.3;18.4;18.5
0,7;8;0,98;1;2,1;1,47;0,5;40;0;18.0;18.1;18.2;18.3;18.4;18.5
0,55;8;1,06;1,32;2,18;1,06;0;22,86;0;18.0;18.1;18.2;18.3;18.4;18.5
0,4;8;1,09;1,8;1,35;1,42;0,3;17,78;0;18.0;18.1;18.2;18.3;18.4;18.5
0,55;8;1,2;1,44;1,26;1,56;1,02;22,86;0;18.0;18.1;18.2;18.3;18.4;18.5
0,45;8;0,85;1,44;2,51;1,36;1,02;20;0;18.0;18.1;18.2;18.3;18.4;18.5
0,65;8;0,98;0,72;1,98;1,76;0,3;32;0;18.0;18.1;18.2;18.3;18.4;18.5
0,8;8;0,85;1,3;3,05;1,19;0,3;160;0;18.0;18.1;18.2;18.3;18.4;18.5
0,75;8;1,2;1,44;1,31;1,2;0;80;0;18.0;18.1;18.2;18.3;18.4;18.5
0,85;8;0,85;1,44;1,31;1,44;1,08;0;0;18.0;18.1;18.2;18.3;18.4;18.5
0,5;8;0,98;1,44;1,26;1,96;0,48;20;0;18.0;18.1;18.2;18.3;18.4;18.5
0,75;8;1,01;1,6;1,55;1,52;1,2;80;0;18.0;18.1;18.2;18.3;18.4;18.5
0,6;8;0,98;0,72;1,98;1,96;0,48;26,67;0;18.0;18.1;18.2;18.3;18.4;18.5
0,5;8;0,88;0,72;2,08;1,67;1,08;26,67;0;18.0;18.1;18.2;18.3;18.4;18.5
0,6;8;0,85;2,24;2,51;1,53;0,3;32;0;18.0;18.1;18.2;18.3;18.4;18.5
0,8;8;0,93;1,44;1,31;1,91;0,48;160;0;18.0;18.1;18.2;18.3;18.4;18.5
0,8;8;0,98;1,6;1,5;1,91;0,5;80;0;18.0;18.1;18.2;18.3;18.4;18.5
0,5;8;0,98;1,44;1,26;1,96;0,84;20;0;18.0;18.1;18.2;18.3;18.4;18.5
0,75;8;1,09;1,62;1,13;1,69;1,02;80;0;18.0;18.1;18.2;18.3;18.4;18.5
0,85;8;0,98;1,08;1,62;1,57;1,02;160;0;18.0;18.1;18.2;18.3;18.4;18.5
0,55;8;0,98;1,44;1,26;1,86;1,02;22,86;0;18.0;18.1;18.2;18.3;18.4;18.5
0,75;8;0,85;1,44;1,31;1,44;0,3;80;0;18.0;18.1;18.2;18.3;18.4;18.5
0,7;8;0,85;1,4;3,35;1,32;0,58;53,33;0;18.0;18.1;18.2;18.3;18.4;18.5
0,7;8;0,85;0,72;2,03;1,7;0,66;53,33;0;18.0;18.1;18.2;18.3;18.4;18.5
0,6;8;1,17;1,08;1,67;1,64;0,66;32;0;18.0;18.1;18.2;18.3;18.4;18.5
0,75;8;1,2;1,08;1,67;1,2;0;80;0;18.0;18.1;18.2;18.3;18.4;18.5
0,75;8;0,98;1,62;1,08;1,96;0,48;53,33;0;18.0;18.1;18.2;18.3;18.4;18.5
0,9;8;0,98;1,2;1,9;2,06;0,7;0;0;18.0;18.1;18.2;18.3;18.4;18.5
0,8;8;0,98;0,9;1,8;1,32;0,66;80;0;18.0;18.1;18.2;18.3;18.4;18.5
0,85;8;1,2;1,44;1,26;1,56;0,84;160;0;18.0;18.1;18.2;18.3;18.4;18.5
0,75;8;0,98;1,8;1,3;1,91;0,3;53,33;0;18.0;18.1;18.2;18.3;18.4;18.5
0,35;8;1,01;1,44;1,31;2,22;1,02;16;0;18.0;18.1;18.2;18.3;18.4;18.5
0,6;8;0,98;1,62;1,08;1,96;1,02;26,67;0;18.0;18.1;18.2;18.3;18.4;18.5
0,75;8;0,98;1,44;1,26;1,57;0,66;53,33;0;18.0;18.1;18.2;18.3;18.4;18.5
0,85;8;1,2;1,44;1,31;1,2;0;0;0;18.0;18.1;18.2;18.3;18.4;18.5
0,85;8;0,98;1,44;1,26;1,72;0,84;160;0;18.0;18.1;18.2;18.3;18.4;18.5
0,6;8;0,85;1,08;1,67;1,83;1,02;32;0;18.0;18.1;18.2;18.3;18.4;18.5
0,75;8;0,98;1,6;1,5;1,96;0,9;53,33;0;18.0;18.1;18.2;18.3;18.4;18.5
0,65;8;0,85;0,6;2,55;1,49;0,3;40;0;18.0;18.1;18.2;18.3;18.4;18.5
0,4;8;1,06;1,2;1,9;1,64;0,9;16;0;18.0;18.1;18.2;18.3;18.4;18.5
0,8;8;0,9;1,08;1,62;1,76;1,02;80;0;18.0;18.1;18.2;18.3;18.4;18.5
0,8;8;0,85;0,8;2,35;1,83;0,7;160;0;18.0;18.1;18.2;18.3;18.4;18.5
0,85;8;0,93;1,44;1,31;2;1,02;0;0;18.0;18.1;18.2;18.3;18.4;18.5
0,4;8;0,98;1,44;1,26;1,76;1,02;16;0;18.0;18.1;18.2;18.3;18.4;18.5
0,65;8;0,98;1,44;1,26;1,96;0,84;32;0;18.0;18.1;18.2;18.3;18.4;18.5
0,7;8;0,93;1,62;1,13;1,91;1,02;53,33;0;18.0;18.1;18.2;18.3;18.4;18.5
0,65;8;0,98;1,44;1,26;2,11;0,66;32;0;18.0;18.1;18.2;18.3;18.4;18.5
0,75;8;1,2;1,44;1,31;1,2;0;80;0;18.0;18.1;18.2;18.3;18.4;18.5
0,75;8;0,85;1,26;1,49;1,36;1,02;80;0;18.0;18.1;18.2;18.3;18.4;18.5
0,5;8;0,98;1,44;1,26;2,01;0,84;20;0;18.0;18.1;18.2;18.3;18.4;18.5
0,8;8;1,17;1,08;1,67;1,17;0;160;0;18.0;18.1;18.2;18.3;18.4;18.5
0,75;8;1,01;1,44;1,31;1,87;0,48;80;0;18.0;18.1;18.2;18.3;18.4;18.5
0,35;8;1,01;1,44;1,31;1,41;0,3;16;0;18.0;18.1;18.2;18.3;18.4;18.5
0,45;8;1,17;1,26;1,49;1,64;0,66;20;0;18.0;18.1;18.2;18.3;18.4;18.5
0,85;8;1,17;1,44;1,31;1,17;0;0;0;18.0;18.1;18.2;18.3;18.4;18.5
0,75;8;0,93;1,62;1,13;1,44;0,84;80;0;18.0;18.1;18.2;18.3;18.4;18.5
0,4;8;0,9;1,8;1,3;1,62;0,7;16;0;18.0;18.1;18.2;18.3;18.4;18.5
0,75;8;0,85;1,44;1,31;1,4;0,84;80;0;18.0;18.1;18.2;18.3;18.4;18.5
0,5;8;0,85;0,9;1,85;1,32;1,08;22,86;0;18.0;18.1;18.2;18.3;18.4;18.5
0,45;8;1,01;1,62;1,13;1,52;0,66;20;0;18.0;18.1;18.2;18.3;18.4;18.5
0,65;8;0,98;1,26;1,44;1,42;0,66;32;0;18.0;18.1;18.2;18.3;18.4;18.5
0,7;8;1,09;1,62;1,13;1,69;0,48;53,33;0;18.0;18.1;18.2;18.3;18.4;18.5
0,45;8;0,85;1,62;1,13;1,7;0,3;20;0;18.0;18.1;18.2;18.3;18.4;18.5
0,75;8;0,85;0,9;1,85;1,78;0,84;80;0;18.0;18.1;18.2;18.3;18.4;18.5
0,4;8;0,93;0,9;1,85;2,05;0,84;17,78;0;18.0;18.1;18.2;18.3;18.4;18.5
0,65;8;1,01;1,44;1,31;1,52;0,66;40;0;18.0;18.1;18.2;18.3;18.4;18.5
0,75;8;0,98;1,26;1,44;1,96;1,08;53,33;0;18.0;18.1;18.2;18.3;18.4;18.5
0,6;8;0,85;0,72;2,03;1,83;0,48;32;0;18.0;18.1;18.2;18.3;18.4;18.5
0,8;8;0,9;1,8;1,3;1,76;0,9;80;0;18.0;18.1;18.2;18.3;18.4;18.5
0,75;8;0,98;1,08;1,62;1,96;1,02;53,33;0;18.0;18.1;18.2;18.3;18.4;18.5
0,5;8;0,85;0,9;1,85;1,74;1,02;22,86;0;18.0;18.1;18.2;18.3;18.4;18.5
0,85;8;1,01;1,08;1,67;1,97;0,3;0;0;18.0;18.1;18.2;18.3;18.4;18.5
0,85;8;0,93;1,32;2,23;1,63;0,3;0;0;18.0;18.1;18.2;18.3;18.4;18.5
0,7;8;0,85;1,08;1,67;1,32;0,84;53,33;0;18.0;18.1;18.2;18.3;18.4;18.5
0,8;8;0,93;1,8;1,35;1,44;0,9;160;0;18.0;18.1;18.2;18.3;18.4;18.5
0,85;8;1,17;1,44;1,31;1,17;0;0;0;18.0;18.1;18.2;18.3;18.4;18.5
0,6;8;0,98;1,44;1,26;2,16;1,02;26,67;0;18.0;18.1;18.2;18.3;18.4;18.5
0,85;8;0,98;1,08;1,62;1,62;0,48;160;0;18.0;18.1;18.2;18.3;18.4;18.5
0,8;8;0,98;1,26;1,44;1,57;0,3;80;0;18.0;18.1;18.2;18.3;18.4;18.5
0,65;8;0,93;1,44;1,31;1,91;0,84;40;0;18.0;18.1;18.2;18.3;18.4;18.5
0,75;8;0,85;2,16;1,79;1,83;0,78;80;0;18.0;18.1;18.2;18.3;18.4;18.5
0,5;8;0,85;1,26;1,49;1,83;0,48;22,86;0;18.0;18.1;18.2;18.3;18.4;18.5
0,75;8;1,01;1,4;1,75;1,52;0,9;80;0;18.0;18.1;18.2;18.3;18.4;18.5
0,85;8;0,98;1,26;1,44;1,57;0,66;160;0;18.0;18.1;18.2;18.3;18.4;18.5
0,8;8;0,85;1,44;1,31;1,61;0,66;160;0;18.0;18.1;18.2;18.3;18.4;18.5
0,75;8;0,85;1,44;1,31;1,32;1,08;80;0;18.0;18.1;18.2;18.3;18.4;18.5
0,85;8;0,98;1,44;1,26;2,01;0,66;160;0;18.0;18.1;18.2;18.3;18.4;18.5
0,7;8;0,98;1,62;1,08;1,96;0,3;40;0;18.0;18.1;18.2;18.3;18.4;18.5
0,75;8;0,93;1,62;1,13;1,44;1,08;80;0;18.0;18.1;18.2;18.3;18.4;18.5
0,65;8;0,93;1,26;1,49;1,91;1,02;40;0;18.0;18.1;18.2;18.3;18.4;18.5
0,75;8;0,98;1,44;1,26;1,86;1,02;53,33;0;18.0;18.1;18.2;18.3;18.4;18.5
0,35;8;0,98;1,4;1,7;1,57;0,9;14,55;0;18.0;18.1;18.2;18.3;18.4;18.5
0,5;8;0,85;2,16;1,79;1,36;0,3;22,86;0;18.0;18.1;18.2;18.3;18.4;18.5
0,5;8;0,93;1,8;1,35;1,44;0,9;22,86;0;18.0;18.1;18.2;18.3;18.4;18.5
0,85;8;1,01;1,44;1,31;1,87;0,66;0;0;18.0;18.1;18.2;18.3;18.4;18.5
0,6;8;0,85;0,72;2,03;1,19;0,48;32;0;18.0;18.1;18.2;18.3;18.4;18.5
0,5;8;0,85;1,62;1,13;1,83;0,3;22,86;0;18.0;18.1;18.2;18.3;18.4;18.5
0,4;8;0,9;1,08;1,62;1,62;0,66;16;0;18.0;18.1;18.2;18.3;18.4;18.5
0,85;8;0,85;1,44;1,31;1,4;0,66;0;0;18.0;18.1;18.2;18.3;18.4;18.5
0,6;8;0,93;1,26;1,49;1,91;1,02;32;0;18.0;18.1;18.2;18.3;18.4;18.5
0,4;8;1,01;1,08;1,67;1,77;0,3;17,78;0;18.0;18.1;18.2;18.3;18.4;18.5
0,75;8;0,98;1,32;2,18;1,37;0,96;53,33;0;18.0;18.1;18.2;18.3;18.4;18.5
0,8;8;0,85;1,26;1,49;1,7;0,48;160;0;18.0;18.1;18.2;18.3;18.4;18.5
0,35;8;0,98;1,44;1,26;1,76;1,02;14,55;0;18.0;18.1;18.2;18.3;18.4;18.5
0,45;8;0,85;1,08;1,67;1,36;0,3;20;0;18.0;18.1;18.2;18.3;18.4;18.5
0,75;8;0,98;1,4;1,7;1,62;0,7;53,33;0;18.0;18.1;18.2;18.3;18.4;18.5
0,7;8;0,85;1,08;1,67;1,78;0,3;53,33;0;18.0;18.1;18.2;18.3;18.4;18.5
0,75;8;0,93;1,8;1,35;1,3;1,2;80;0;18.0;18.1;18.2;18.3;18.4;18.5
0,45;8;0,93;1,32;2,23;1,91;0,3;20;0;18.0;18.1;18.2;18.3;18.4;18.5
0,65;8;1,01;1,8;1,35;1,52;0,3;40;0;18.0;18.1;18.2;18.3;18.4;18.5
0,55;8;0,98;1,44;1,26;2,01;0,3;22,86;0;18.0;18.1;18.2;18.3;18.4;18.5
0,8;8;0,85;0,9;1,85;1,83;0,48;160;0;18.0;18.1;18.2;18.3;18.4;18.5
0,55;8;0,93;1,8;1,35;1,63;0,7;26,67;0;18.0;18.1;18.2;18.3;18.4;18.5
0,65;8;0,98;1,44;1,26;1,86;1,02;32;0;18.0;18.1;18.2;18.3;18.4;18.5
0,45;8;0,93;1,08;1,67;1,35;1,02;20;0;18.0;18.1;18.2;18.3;18.4;18.5
0,75;8;0,88;1,44;1,36;1,32;1,08;160;0;18.0;18.1;18.2;18.3;18.4;18.5
0,6;8;1,01;1,44;1,31;1,52;0,48;32;0;18.0;18.1;18.2;18.3;18.4;18.5
0,5;8;0,85;0,72;2,03;1,36;1,08;22,86;0;18.0;18.1;18.2;18.3;18.4;18.5
0,4;8;0,98;1,8;1,3;1,76;0,9;16;0;18.0;18.1;18.2;18.3;18.4;18.5
0,85;8;0,85;1,08;1,67;1,49;1,02;0;0;18.0;18.1;18.2;18.3;18.4;18.5
0,75;8;0,98;1,44;1,26;1,42;1,08;53,33;0;18.0;18.1;18.2;18.3;18.4;18.5
0,5;8;0,98;1,44;1,26;1,96;1,08;20;0;18.0;18.1;18.2;18.3;18.4;18.5
0,85;8;1,01;1,08;1,67;1,92;1,08;0;0;18.0;18.1;18.2;18.3;18.4;18.5
0,6;8;0,98;1,44;1,26;1,76;1,08;26,67;0;18.0;18.1;18.2;18.3;18.4;18.5
0,8;8;0,85;0,8;2,35;1,44;0,9;160;0;18.0;18.1;18.2;18.3;18.4;18.5
0,45;8;0,93;1,26;1,49;1,26;0,48;20;0;18.0;18.1;18.2;18.3;18.4;18.5
0,5;8;0,85;1,62;1,13;1,83;0,48;22,86;0;18.0;18.1;18.2;18.3;18.4;18.5
0,8;8;0,98;1,4;1,7;1,57;0,9;80;0;18.0;18.1;18.2;18.3;18.4;18.5
0,85;8;1,01;1,44;1,31;1,52;1,08;0;0;18.0;18.1;18.2;18.3;18.4;18.5
0,55;8;0,98;1,62;1,08;1,62;0,3;22,86;0;18.0;18.1;18.2;18.3;18.4;18.5
0,75;8;0,93;1,26;1,49;1,67;0,48;80;0;18.0;18.1;18.2;18.3;18.4;18.5
0,45;8;1,01;1,44;1,31;1,52;0,48;20;0;18.0;18.1;18.2;18.3;18.4;18.5
0,7;8;0,85;1,44;1,31;1,49;1,08;53,33;0;18.0;18.1;18.2;18.3;18.4;18.5
0,5;8;0,93;1,08;1,67;1,91;1,08;22,86;0;18.0;18.1;18.2;18.3;18.4;18.5
0,75;8;0,9;1,44;1,26;1,76;0,48;53,33;0;18.0;18.1;18.2;18.3;18.4;18.5
0,4;8;0,93;1,44;1,31;1,91;0,48;17,78;0;18.0;18.1;18.2;18.3;18.4;18.5
0,7;8;0,93;1,44;1,31;1,91;1,08;53,33;0;18.0;18.1;18.2;18.3;18.4;18.5
0,85;8;0,93;0,8;2,35;1,44;0,7;0;0;18.0;18.1;18.2;18.3;18.4;18.5
0,75;8;0,98;1,8;1,3;1,42;1,2;53,33;0;18.0;18.1;18.2;18.3;18.4;18.5
0,45;8;1,01;1,44;1,31;1,52;0,48;20;0;18.0;18.1;18.2;18.3;18.4;18.5
0,8;8;0,93;1,62;1,13;1,86;1,02;160;0;18.0;18.1;18.2;18.3;18.4;18.5
0,7;8;0,98;1,44;1,26;1,57;0,3;40;0;18.0;18.1;18.2;18.3;18.4;18.5
0,7;8;1,01;1,44;1,31;1,31;0,66;53,33;0;18.0;18.1;18.2;18.3;18.4;18.5
0,75;8;0,85;1,44;2,51;1,49;0,3;80;0;18.0;18.1;18.2;18.3;18.4;18.5
0,85;8;0,85;1,4;1,75;1,57;0,3;0;0;18.0;18.1;18.2;18.3;18.4;18.5
0,65;8;0,93;1,62;1,13;1,44;0,84;40;0;18.0;18.1;18.2;18.3;18.4;18.5
0,5;8;0,85;1,8;1,35;1,83;0,9;22,86;0;18.0;18.1;18.2;18.3;18.4;18.5
0,5;8;0,93;1,26;1,49;1,86;1,02;22,86;0;18.0;18.1;18.2;18.3;18.4;18.5
0,5;8;0,93;1,62;1,13;1,91;1,02;22,86;0;18.0;18.1;18.2;18.3;18.4;18.5
0,7;8;0,85;1,6;1,55;1,36;1,2;53,33;0;18.0;18.1;18.2;18.3;18.4;18.5
0,4;8;0,93;1,08;1,67;1,86;0,66;17,78;0;18.0;18.1;18.2;18.3;18.4;18.5
0,45;8;0,85;1,08;1,67;1,83;0,3;20;0;18.0;18.1;18.2;18.3;18.4;18.5
0,55;8;0,98;1,44;1,26;1,96;0,48;22,86;0;18.0;18.1;18.2;18.3;18.4;18.5
0,9;8;0,98;1,44;1,26;1,52;0,48;0;0;18.0;18.1;18.2;18.3;18.4;18.5
0,65;8;0,98;1,44;1,26;1,96;0,3;32;0;18.0;18.1;18.2;18.3;18.4;18.5
0,65;8;0,85;0,9;1,85;1,44;0,84;40;0;18.0;18.1;18.2;18.3;18.4;18.5
0,85;8;1,01;1,44;1,31;1,92;0,48;0;0;18.0;18.1;18.2;18.3;18.4;18.5
0,85;8;0,93;1,8;1,35;1,91;0,5;0;0;18.0;18.1;18.2;18.3;18.4;18.5
0,75;8;0,98;1,62;1,08;1,42;1,02;53,33;0;18.0;18.1;18.2;18.3;18.4;18.5
0,35;8;0,98;1,2;1,9;1,37;0,5;14,55;0;18.0;18.1;18.2;18.3;18.4;18.5
0,45;8;0,93;1,8;1,35;1,3;0,3;20;0;18.0;18.1;18.2;18.3;18.4;18.5
0,65;8;1,01;1,26;1,49;1,52;0,48;40;0;18.0;18.1;18.2;18.3;18.4;18.5
0,45;8;0,93;1,44;1,31;1,91;0,3;20;0;18.0;18.1;18.2;18.3;18.4;18.5
0,75;8;1,01;1,8;1,35;1,52;0,3;80;0;18.0;18.1;18.2;18.3;18.4;18.5
0,75;8;1,01;1,44;1,31;1,67;0,3;80;0;18.0;18.1;18.2;18.3;18.4;18.5
0,75;8;1,01;1,26;1,49;1,87;0,66;80;0;18.0;18.1;18.2;18.3;18.4;18.5
0,7;8;0,85;1,2;1,95;1,32;0,3;53,33;0;18.0;18.1;18.2;18.3;18.4;18.5
0,75;8;0,85;1,2;1,95;1,83;0,9;80;0;18.0;18.1;18.2;18.3;18.4;18.5
0,75;8;0,85;1,44;1,31;1,7;0,3;80;0;18.0;18.1;18.2;18.3;18.4;18.5
0,85;8;0,93;1,44;1,31;1,91;0,84;0;0;18.0;18.1;18.2;18.3;18.4;18.5
0,4;8;0,85;1,08;1,67;1,78;0,3;17,78;0;18.0;18.1;18.2;18.3;18.4;18.5
0,75;8;1,01;1,44;1,31;1,52;0,66;80;0;18.0;18.1;18.2;18.3;18.4;18.5
0,4;8;0,93;1,44;1,31;1,91;0,3;17,78;0;18.0;18.1;18.2;18.3;18.4;18.5
0,4;8;1,01;1,44;1,31;1,52;1,02;17,78;0;18.0;18.1;18.2;18.3;18.4;18.5
0,8;8;0,93;1,44;1,31;1,3;0,84;160;0;18.0;18.1;18.2;18.3;18.4;18.5
0,65;8;0,85;1,44;2,51;1,36;0,3;40;0;18.0;18.1;18.2;18.3;18.4;18.5
0,8;8;0,93;1,4;1,75;1,91;0,7;160;0;18.0;18.1;18.2;18.3;18.4;18.5
0,8;8;0,98;1,08;1,62;1,37;0,66;80;0;18.0;18.1;18.2;18.3;18.4;18.5
0,7;8;0,85;1,4;1,75;1,57;0,7;53,33;0;18.0;18.1;18.2;18.3;18.4;18.5
0,85;8;0,93;1,26;1,49;1,44;1,02;0;0;18.0;18.1;18.2;18.3;18.4;18.5
0,4;8;0,93;1,4;1,75;1,44;0,9;17,78;0;18.0;18.1;18.2;18.3;18.4;18.5
0,55;8;0,98;1,44;1,26;1,57;0,66;22,86;0;18.0;18.1;18.2;18.3;18.4;18.5
0,75;8;0,93;1,44;1,31;1,86;0,3;80;0;18.0;18.1;18.2;18.3;18.4;18.5
0,65;8;1,01;1,44;1,31;1,77;1,02;40;0;18.0;18.1;18.2;18.3;18.4;18.5
0,65;8;0,85;0,9;1,85;1,87;0,66;40;0;18.0;18.1;18.2;18.3;18.4;18.5
0,45;8;0,85;1,4;1,75;1,74;0,3;20;0;18.0;18.1;18.2;18.3;18.4;18.5
0,45;8;0,85;0,9;1,85;1,83;0,3;20;0;18.0;18.1;18.2;18.3;18.4;18.5
0,8;8;1,01;1,62;1,13;1,52;1,08;160;0;18.0;18.1;18.2;18.3;18.4;18.5
0,4;8;0,85;1,8;1,35;1,61;1,2;17,78;0;18.0;18.1;18.2;18.3;18.4;18.5
0,65;8;0,85;1,44;1,31;1,44;0,48;40;0;18.0;18.1;18.2;18.3;18.4;18.5
0,85;8;1,01;1,08;1,67;1,52;1,02;0;0;18.0;18.1;18.2;18.3;18.4;18.5
0,75;8;0,93;1,44;1,31;1,91;0,66;80;0;18.0;18.1;18.2;18.3;18.4;18.5
0,65;8;0,85;1,26;1,49;1,36;1,08;40;0;18.0;18.1;18.2;18.3;18.4;18.5
0,4;8;0,85;1,26;1,49;1,83;0,66;17,78;0;18.0;18.1;18.2;18.3;18.4;18.5
0,65;8;0,85;1,44;1,31;1,36;0,84;40;0;18.0;18.1;18.2;18.3;18.4;18.5
0,75;8;0,98;1,44;1,26;1,37;0,3;53,33;0;18.0;18.1;18.2;18.3;18.4;18.5
0,7;8;0,98;1,44;1,26;1,32;1,02;40;0;18.0;18.1;18.2;18.3;18.4;18.5
0,65;8;1,01;1,08;1,67;1,52;0,66;40;0;18.0;18.1;18.2;18.3;18.4;18.5
0,45;8;0,85;1,8;1,35;1,36;0,5;20;0;18.0;18.1;18.2;18.3;18.4;18.5
0,5;8;0,85;1,08;1,67;1,57;0,84;22,86;0;18.0;18.1;18.2;18.3;18.4;18.5
0,65;8;0,85;1,08;1,67;1,83;1,02;40;0;18.0;18.1;18.2;18.3;18.4;18.5
0,7;8;0,93;1,44;1,31;1,91;1,02;53,33;0;18.0;18.1;18.2;18.3;18.4;18.5
0,75;8;0,85;1,8;1,35;1,49;0,7;80;0;18.0;18.1;18.2;18.3;18.4;18.5
0,75;8;0,98;1,62;1,08;1,32;0,3;53,33;0;18.0;18.1;18.2;18.3;18.4;18.5
0,65;8;0,85;1,08;1,67;1,44;0,3;40;0;18.0;18.1;18.2;18.3;18.4;18.5
0,65;8;0,85;1,62;1,13;1,36;0,84;40;0;18.0;18.1;18.2;18.3;18.4;18.5
0,65;8;0,85;1,08;1,67;1,57;1,02;40;0;18.0;18.1;18.2;18.3;18.4;18.5
0,75;8;0,85;1,44;1,31;1,61;1,02;80;0;18.0;18.1;18.2;18.3;18.4;18.5
0,75;8;0,98;1,44;1,26;1,32;0,66;53,33;0;18.0;18.1;18.2;18.3;18.4;18.5
0,65;8;0,85;1,4;1,75;1,32;0,9;40;0;18.0;18.1;18.2;18.3;18.4;18.5
0,85;8;0,85;1,8;1,35;1,49;0,7;0;0;18.0;18.1;18.2;18.3;18.4;18.5
0,5;8;0,85;1,62;1,13;1,57;0,66;22,86;0;18.0;18.1;18.2;18.3;18.4;18.5
0,85;8;0,93;1,44;1,31;1,44;1,02;0;0;18.0;18.1;18.2;18.3;18.4;18.5
0,4;8;0,85;1,62;1,13;1,57;1,02;17,78;0;18.0;18.1;18.2;18.3;18.4;18.5
0,85;8;0,85;1,8;1,35;1,83;0,7;0;0;18.0;18.1;18.2;18.3;18.4;18.5
0,85;8;0,85;1,44;1,31;1,44;0,48;0;0;18.0;18.1;18.2;18.3;18.4;18.5
0,6;8;0,85;1,44;1,31;1,36;0,66;32;0;18.0;18.1;18.2;18.3;18.4;18.5
0,85;8;0,93;1,8;1,35;1,44;0,3;0;0;18.0;18.1;18.2;18.3;18.4;18.5
0,45;8;0,85;1,44;1,31;1,53;0,3;20;0;18.0;18.1;18.2;18.3;18.4;18.5
0,4;8;0,85;1,44;1,31;1,83;1,02;17,78;0;18.0;18.1;18.2;18.3;18.4;18.5
0,5;8;0,85;1,08;1,67;1,49;0,3;22,86;0;18.0;18.1;18.2;18.3;18.4;18.5
0,65;8;0,85;0,9;1,85;1,49;1,08;40;0;18.0;18.1;18.2;18.3;18.4;18.5
0,4;8;0,85;1,08;1,67;1,36;1,02;17,78;0;18.0;18.1;18.2;18.3;18.4;18.5
0,4;8;0,85;1,6;1,55;1,83;0,5;17,78;0;18.0;18.1;18.2;18.3;18.4;18.5
0,7;8;0,85;1,62;1,13;1,78;0,3;53,33;0;18.0;18.1;18.2;18.3;18.4;18.5
0,45;8;0,85;1,8;1,35;1,36;0,3;20;0;18.0;18.1;18.2;18.3;18.4;18.5
0,8;8;0,85;1,44;1,31;1,36;0,3;160;0;18.0;18.1;18.2;18.3;18.4;18.5
0,65;8;0,85;1,4;1,75;1,74;0,9;40;0;18.0;18.1;18.2;18.3;18.4;18.5
0,4;8;0,85;1,62;1,13;1,36;0,3;17,78;0;18.0;18.1;18.2;18.3;18.4;18.5
0,5;8;0,85;1,44;1,31;1,66;1,02;22,86;0;18.0;18.1;18.2;18.3;18.4;18.5
0,85;8;0,85;1,08;1,67;1,36;0,84;0;0;18.0;18.1;18.2;18.3;18.4;18.5
0,7;8;0,85;1,44;1,31;1,74;1,02;53,33;0;18.0;18.1;18.2;18.3;18.4;18.5
0,8;8;0,85;1,44;1,31;1,44;0,66;160;0;18.0;18.1;18.2;18.3;18.4;18.5
0,45;8;0,85;1,44;1,31;1,44;0,66;20;0;18.0;18.1;18.2;18.3;18.4;18.5
0,65;8;0,93;1,44;1,31;1,26;1,08;40;0;18.0;18.1;18.2;18.3;18.4;18.5
0,4;8;0,85;1,44;1,31;1,61;0,84;17,78;0;18.0;18.1;18.2;18.3;18.4;18.5
0,65;8;0,85;1,62;1,13;1,83;0,66;40;0;18.0;18.1;18.2;18.3;18.4;18.5
0,4;8;0,85;1,44;1,31;1,49;0,84;17,78;0;18.0;18.1;18.2;18.3;18.4;18.5
0,8;8;0,85;1,44;1,31;1,4;0,84;160;0;18.0;18.1;18.2;18.3;18.4;18.5
0,8;8;0,85;0,9;1,85;1,49;1,02;160;0;18.0;18.1;18.2;18.3;18.4;18.5
0,85;8;0,85;1,44;1,31;1,44;0,3;0;0;18.0;18.1;18.2;18.3;18.4;18.5
0,8;8;0,85;1,62;1,13;1,49;0,84;160;0;18.0;18.1;18.2;18.3;18.4;18.5
0,85;8;0,85;1,44;1,31;1,49;1,02;0;0;18.0;18.1;18.2;18.3;18.4;18.5
0,8;8;0,85;1,62;1,13;1,49;1,08;160;0;18.0;18.1;18.2;18.3;18.4;18.5
0,7;8;0,85;1,44;1,31;1,49;0,3;53,33;0;18.0;18.1;18.2;18.3;18.4;18.5
0,4;8;0,93;1,44;1,31;1,53;0,3;17,78;0;18.0;18.1;18.2;18.3;18.4;18.5
0,8;8;0,85;1,44;1,31;1,44;0,66;160;0;18.0;18.1;18.2;18.3;18.4;18.5
0,75;8;0,85;1,44;1,31;1,32;1,08;80;0;18.0;18.1;18.2;18.3;18.4;18.5
0,8;8;0,85;1,44;1,31;1,44;0,3;160;0;18.0;18.1;18.2;18.3;18.4;18.5
0,8;8;0,85;1,44;1,31;1,36;0,3;160;0;18.0;18.1;18.2;18.3;18.4;18.5
0,65;8;0,85;0,9;1,85;1,36;1,02;40;0;18.0;18.1;18.2;18.3;18.4;18.5
0,85;8;0,93;1,44;1,31;1,44;1,02;0;0;18.0;18.1;18.2;18.3;18.4;18.5
0,8;8;0,93;1,44;1,31;1,44;0,3;160;0;18.0;18.1;18.2;18.3;18.4;18.5
0,45;8;0,85;1,44;1,31;1,32;0,3;20;0;18.0;18.1;18.2;18.3;18.4;18.5
0,85;8;0,85;0,9;1,85;1,32;0,48;0;0;18.0;18.1;18.2;18.3;18.4;18.5
0,4;8;0,85;0,9;1,85;1,36;0,66;17,78;0;18.0;18.1;18.2;18.3;18.4;18.5
0,4;8;0,85;1,62;1,13;1,32;0,3;17,78;0;18.0;18.1;18.2;18.3;18.4;18.5
0,85;8;0,85;1,44;1,31;1,57;1,02;0;0;18.0;18.1;18.2;18.3;18.4;18.5
0,85;8;0,85;1,44;1,31;1,57;1,02;0;0;18.0;18.1;18.2;18.3;18.4;18.5
0,4;8;0,85;1,44;1,31;1,36;1,02;17,78;0;18.0;18.1;18.2;18.3;18.4;18.5
0,5;8;0,85;1,44;1,31;1,36;1,08;22,86;0;18.0;18.1;18.2;18.3;18.4;18.5
0,5;8;0,85;1,44;1,31;1,36;1,08;22,86;0;18.0;18.1;18.2;18.3;18.4;18.5
0,4;8;0,85;1,44;1,31;1,44;0,3;17,78;0;18.0;18.1;18.2;18.3;18.4;18.5
0,75;8;0,85;1,44;1,31;1,36;1,02;80;0;18.0;18.1;18.2;18.3;18.4;18.5
0,8;8;0,85;1,08;1,67;1,32;0,84;160;0;18.0;18.1;18.2;18.3;18.4;18.5
0,8;8;0,85;1,62;1,13;1,36;1,08;160;0;18.0;18.1;18.2;18.3;18.4;18.5
0,65;8;0,85;1,44;1,31;1,49;1,02;40;0;18.0;18.1;18.2;18.3;18.4;18.5
